PDB_ID,Uniprot_ID,chem_comp,inchikey_stereochemistry
1AHG,P00509,TYR,OUYCCCASQSFEME-QMMMGPOBSA
2B0C,P0A8Y3,G1P,HXXFSFRBOHSIMQ-VFUOTHLCSA
1TE2,P77247,PGA,ASCFNMCAHFUBCO-UHFFFAOYSA
2E4G,Q8KHZ8,TRP,QIVBCDIJIAJPQS-VIFPVBQESA
2PFG,P16152,NAP,XJLXINKUBYWONI-NNYOXOHSSA
3O4R,Q9BTZ2,NAP,XJLXINKUBYWONI-NNYOXOHSSA
1E3L,Q9QYY9,NAD,BAWFJGJZGIEFAR-NNYOXOHSSA
6SCG,P0A9Q7,NAD,BAWFJGJZGIEFAR-NNYOXOHSSA
1HT0,P00326,NAD,BAWFJGJZGIEFAR-NNYOXOHSSA
4GKV,P39451,NAD,BAWFJGJZGIEFAR-NNYOXOHSSA
4RQU,P06525,NAD,BAWFJGJZGIEFAR-NNYOXOHSSA
1CYD,P08074,IPA,KFZMGEQAYNKOFK-UHFFFAOYSA
5WQO,Q9HWU9,NAP,XJLXINKUBYWONI-NNYOXOHSSA
5ENV,P00330,NAD,BAWFJGJZGIEFAR-NNYOXOHSSA
7DMG,G8BHG4,NAP,XJLXINKUBYWONI-NNYOXOHSSA
1SNY,Q9W3H4,NAP,XJLXINKUBYWONI-NNYOXOHSSA
5OJG,G5EGA6,NAP,XJLXINKUBYWONI-NNYOXOHSSA
3COS,P08319,NAD,BAWFJGJZGIEFAR-NNYOXOHSSA
8GOB,P0A9S5,NAD,BAWFJGJZGIEFAR-NNYOXOHSSA
5ZXL,P0A9S5,GOL,PEDCQBHIVMGVHV-UHFFFAOYSA
1ADS,P15121,NAP,XJLXINKUBYWONI-NNYOXOHSSA
1RY0,P42330,NAP,XJLXINKUBYWONI-NNYOXOHSSA
1RY8,P42330,NDP,ACFIXJIJDZMPPO-NNYOXOHSSA
1RY0,P42330,PG2,BHMBVRSPMRCCGG-OUTUXVNYSA
9PHG,Q9UUN9,NAP,XJLXINKUBYWONI-NNYOXOHSSA
1PIW,Q04894,NAP,XJLXINKUBYWONI-NNYOXOHSSA
3D5J,P17695,GSH,RWSXRVCMGQZWBV-WDSKDSINSA
3A28,Q9ZNN8,NAD,BAWFJGJZGIEFAR-NNYOXOHSSA
1MRQ,Q04828,NAP,XJLXINKUBYWONI-NNYOXOHSSA
7BU3,P27250,NAP,XJLXINKUBYWONI-NNYOXOHSSA
1IHI,P52895,NAP,XJLXINKUBYWONI-NNYOXOHSSA
1XJB,P52895,EDO,LYCAIKOWRPUZTN-UHFFFAOYSA
1PL6,Q00796,NAD,BAWFJGJZGIEFAR-NNYOXOHSSA
2O2H,P9WMR9,DCE,WSLDOOZREJYCGB-UHFFFAOYSA
5IE2,Q9SMT7,ATP,ZKHQWZAMYRWXGA-KQYNXXCUSA
5IE3,Q9SMT7,OXD,MUBZPKHOEPUJKR-UHFFFAOYSA
1AGN,P40394,NAD,BAWFJGJZGIEFAR-NNYOXOHSSA
3L21,P9WP25,PYR,LCTONWCANYUPML-UHFFFAOYSA
2HRB,O75828,NAP,XJLXINKUBYWONI-NNYOXOHSSA
3RKU,Q05016,NAP,XJLXINKUBYWONI-NNYOXOHSSA
4GAC,Q9JII6,EDO,LYCAIKOWRPUZTN-UHFFFAOYSA
8UXZ,P0ABD8,ACO,ZSLZBFCDCINBPY-ZSJPKINUSA
4R57,Q9KL03,ACO,ZSLZBFCDCINBPY-ZSJPKINUSA
2HW1,P50053,FRU,RFSUNEUAIZKAJO-ARQDHWQXSA
1OD2,Q00955,ACO,ZSLZBFCDCINBPY-ZSJPKINUSA
3UC5,P9WPA5,ATP,ZKHQWZAMYRWXGA-KQYNXXCUSA
3NBK,P9WPA5,PNS,JDMUPRLRUUMCTL-VIFPVBQESA
7Z15,P16687,ATP,ZKHQWZAMYRWXGA-KQYNXXCUSA
1LI7,P21888,CYS,XUJNEKJLAYXESH-REOHCLBHSA
7RMV,P28274,ATP,ZKHQWZAMYRWXGA-KQYNXXCUSA
7RMV,P28274,UTP,PGAVKCOVUIYSFO-XVFCMESISA
1IG0,P35202,VIB,JZRWCGZRTZMZEH-UHFFFAOYSA
2AJ4,P04385,GLA,WQZGKKKJIJFFOK-PHYPRBDBSA
8W2H,P17858,ATP,ZKHQWZAMYRWXGA-KQYNXXCUSA
7LW1,P17858,F6P,BGWGXPAPYGQALX-ARQDHWQXSA
1GS5,P0A6C8,NLG,RFMMMVDNIPUKGG-YFKPBYRVSA
9BI4,P32829,ATP,ZKHQWZAMYRWXGA-KQYNXXCUSA
3TUT,P46849,ATP,ZKHQWZAMYRWXGA-KQYNXXCUSA
2YXU,O00764,ATP,ZKHQWZAMYRWXGA-KQYNXXCUSA
5KPR,Q9H999,PAU,GHOKWGTUZJEAQD-ZETCQYMHSA
4WAE,Q9UBF8,ATP,ZKHQWZAMYRWXGA-KQYNXXCUSA
1XMI,P13569,ATP,ZKHQWZAMYRWXGA-KQYNXXCUSA
1M15,P51541,ARG,ODKSFYDXXFIFQN-BYPYZUCNSA
3O8O,P16861,F6P,BGWGXPAPYGQALX-ARQDHWQXSA
1E9F,P0A720,TMP,GYOZYWVXFNDGLU-XLPZGREQSA
3O8L,P00511,ATP,ZKHQWZAMYRWXGA-KQYNXXCUSA
2DDO,P40191,ATP,ZKHQWZAMYRWXGA-KQYNXXCUSA
2DDW,P40191,PXL,RADKZDMFGJYCBB-UHFFFAOYSA
5YA1,P77432,ATP,ZKHQWZAMYRWXGA-KQYNXXCUSA
1BS2,Q05506,ARG,ODKSFYDXXFIFQN-BYPYZUCNSA
1TIP,P07953,F6P,BGWGXPAPYGQALX-ARQDHWQXSA
1CT9,P22106,GLN,ZDXPYRJPNDTMRX-VKHMYHEASA
5OFB,Q9Y6X9,ATP,ZKHQWZAMYRWXGA-KQYNXXCUSA
2D32,P0A6W9,GLU,WHUUTDBJXJRKMK-VKHMYHEASA
2D32,P0A6W9,CYS,XUJNEKJLAYXESH-REOHCLBHSA
8Y5I,P0AFK4,ATP,ZKHQWZAMYRWXGA-KQYNXXCUSA
8Y5G,P0AFK4,SPD,ATHGHQPFGPMSJY-UHFFFAOYSA
1Y3I,P9WHV7,NAD,BAWFJGJZGIEFAR-NNYOXOHSSA
2IO9,P0AES0,GSH,RWSXRVCMGQZWBV-WDSKDSINSA
5FUV,Q38CF2,THM,IQFYYKKMVGJFEH-XLPZGREQSA
7VTG,P30235,FJF,PTJWIQPHWPFNBW-GBNDHIKLSA
1XDP,P0A7B1,ATP,ZKHQWZAMYRWXGA-KQYNXXCUSA
6N10,O23722,DP6,SIGQQUBJQXSAMW-ZCFIWIBFSA
8I9I,P04805,GLU,WHUUTDBJXJRKMK-VKHMYHEASA
7W02,Q99758,ATP,ZKHQWZAMYRWXGA-KQYNXXCUSA
5U92,A0A286R7K5,ARG,ODKSFYDXXFIFQN-BYPYZUCNSA
3KT6,Q12109,TRP,QIVBCDIJIAJPQS-VIFPVBQESA
3SEZ,P9WJJ3,ATP,ZKHQWZAMYRWXGA-KQYNXXCUSA
3DLA,P9WJJ3,DND,SENPVEZBRZQVST-HISDBWNOSA
2ZT7,P41250,ATP,ZKHQWZAMYRWXGA-KQYNXXCUSA
2ZT7,P41250,GLY,DHMQDGOQFOQNFH-UHFFFAOYSA
3UIE,Q43295,ADX,IRLPACMLTUPBCL-KQYNXXCUSA
2HS0,Q9X0X3,ATP,ZKHQWZAMYRWXGA-KQYNXXCUSA
2HS3,Q9X0X3,FGR,VDXLUNDMVKSKHO-XVFCMESISA
7MQ8,Q9H0A0,ATP,ZKHQWZAMYRWXGA-KQYNXXCUSA
1V1B,Q53W83,ATP,ZKHQWZAMYRWXGA-KQYNXXCUSA
1V1A,Q53W83,KDG,WPAMZTWLKIDIOP-WVZVXSGGSA
7WIZ,Q9VUL1,UTP,PGAVKCOVUIYSFO-XVFCMESISA
7E7Q,P78363,ATP,ZKHQWZAMYRWXGA-KQYNXXCUSA
3O8O,P16862,F6P,BGWGXPAPYGQALX-ARQDHWQXSA
2I29,Q8Y8D7,NAD,BAWFJGJZGIEFAR-NNYOXOHSSA
5KB5,P55264,ADN,OIRDTQYFTABQOQ-KQYNXXCUSA
2ANB,P60546,5GP,RQFCJASXJCIDSX-UUOKFMHZSA
1ASZ,P04802,ATP,ZKHQWZAMYRWXGA-KQYNXXCUSA
2J5T,P0A7B5,GLU,WHUUTDBJXJRKMK-VKHMYHEASA
8XL5,P05165,1VU,QAQREVBBADEHPA-IEXPHMLFSA
3VGJ,Q8IAR7,TYR,OUYCCCASQSFEME-QMMMGPOBSA
3GUZ,P31663,PAF,OTOIIPJYVQJATP-BYPYZUCNSA
4BG4,Q004B5,ARG,ODKSFYDXXFIFQN-BYPYZUCNSA
2RD5,Q9SCL7,ATP,ZKHQWZAMYRWXGA-KQYNXXCUSA
2RD5,Q9SCL7,NLG,RFMMMVDNIPUKGG-YFKPBYRVSA
1EZ1,P33221,ACT,QTBSBXVTEAMEQO-UHFFFAOYSA
8FNY,O00418,ATP,ZKHQWZAMYRWXGA-KQYNXXCUSA
1WXG,P18843,DND,SENPVEZBRZQVST-HISDBWNOSA
1TYA,P00952,TYR,OUYCCCASQSFEME-QMMMGPOBSA
9CRA,O95544,NAD,BAWFJGJZGIEFAR-NNYOXOHSSA
7WBB,P32794,ATP,ZKHQWZAMYRWXGA-KQYNXXCUSA
3TLX,Q8IJV6,ATP,ZKHQWZAMYRWXGA-KQYNXXCUSA
3TLX,Q8IJV6,AMP,UDMBCSSLTHHNCD-KQYNXXCUSA
2NZ2,P00966,ASP,CKLJMWTZIZZHCS-REOHCLBHSA
2NZ2,P00966,CIR,RHGKLRLOHDJJDR-BYPYZUCNSA
4RV7,Q8Y5E4,ATP,ZKHQWZAMYRWXGA-KQYNXXCUSA
1G8F,P08536,SO4,QAOWNCQODCNURD-UHFFFAOYSA
9DVY,O76031,ATP,ZKHQWZAMYRWXGA-KQYNXXCUSA
1XNJ,O43252,ADX,IRLPACMLTUPBCL-KQYNXXCUSA
1GZU,Q9HAN9,NMN,DAYLJWODMCOQEW-TURQNECASA
3BLQ,P50750,ATP,ZKHQWZAMYRWXGA-KQYNXXCUSA
1ANK,P69441,AMP,UDMBCSSLTHHNCD-KQYNXXCUSA
4N0I,P53260,GLN,ZDXPYRJPNDTMRX-VKHMYHEASA
4AQ7,P07813,LEU,ROHFNLRQFUQHCH-YFKPBYRVSA
1SQ5,P0A6I3,PAU,GHOKWGTUZJEAQD-ZETCQYMHSA
1LVG,Q64520,5GP,RQFCJASXJCIDSX-UUOKFMHZSA
5J1S,O14656,ATP,ZKHQWZAMYRWXGA-KQYNXXCUSA
1G3U,P9WKE1,TMP,GYOZYWVXFNDGLU-XLPZGREQSA
3ETH,P09029,ATP,ZKHQWZAMYRWXGA-KQYNXXCUSA
1JWA,P12282,ATP,ZKHQWZAMYRWXGA-KQYNXXCUSA
8QC7,P62615,CDM,YFAUKWZNPVBCFF-XHIBXCGHSA
1TD2,P77150,PXL,RADKZDMFGJYCBB-UHFFFAOYSA
1EVK,P0A8M3,THR,AYFVYJQAPQTCCC-GBXIJSLDSA
1KO5,P46859,ATP,ZKHQWZAMYRWXGA-KQYNXXCUSA
1WUU,P51570,GLA,WQZGKKKJIJFFOK-PHYPRBDBSA
4RQE,P49591,SER,MTCFGRXMJLQNBG-REOHCLBHSA
1ZNX,P9WKE9,5GP,RQFCJASXJCIDSX-UUOKFMHZSA
3IG5,P32477,GLU,WHUUTDBJXJRKMK-VKHMYHEASA
5W2H,Q8NFU5,I3P,MMWCIQZXVOZEGG-XJTPDSDZSA
9CXM,Q9H479,ATP,ZKHQWZAMYRWXGA-KQYNXXCUSA
4U03,Q9KVG7,GTP,XKMLYUALXHKNFT-UUOKFMHZSA
6P2D,P97328,FRU,RFSUNEUAIZKAJO-ARQDHWQXSA
1TMK,P00572,TMP,GYOZYWVXFNDGLU-XLPZGREQSA
3VZB,Q9NYA1,SQS,WWUZIQQURGPMPG-KRWOKUGFSA
1B76,P56206,ATP,ZKHQWZAMYRWXGA-KQYNXXCUSA
4PLA,Q9BTU6,ATP,ZKHQWZAMYRWXGA-KQYNXXCUSA
6PDT,P17709,ATP,ZKHQWZAMYRWXGA-KQYNXXCUSA
2AKE,P23381,TRP,QIVBCDIJIAJPQS-VIFPVBQESA
1N2B,P9WIL5,PAF,OTOIIPJYVQJATP-BYPYZUCNSA
4K97,Q8C6L5,ATP,ZKHQWZAMYRWXGA-KQYNXXCUSA
4K98,Q8C6L5,GTP,XKMLYUALXHKNFT-UUOKFMHZSA
8BWO,O15439,ATP,ZKHQWZAMYRWXGA-KQYNXXCUSA
6XXQ,Q07448,ATP,ZKHQWZAMYRWXGA-KQYNXXCUSA
5G4A,Q8ZPX9,ATP,ZKHQWZAMYRWXGA-KQYNXXCUSA
1BIB,P06709,BTN,YBJHBAHKTGYVGT-ZKWXMUAHSA
4O3F,P09411,3PG,OSJPPGNTCRNQQC-UWTATZPHSA
2BU2,Q15119,ATP,ZKHQWZAMYRWXGA-KQYNXXCUSA
6OFB,Q6IA69,DND,SENPVEZBRZQVST-HISDBWNOSA
5HTK,O60825,ATP,ZKHQWZAMYRWXGA-KQYNXXCUSA
5HTK,O60825,F6P,BGWGXPAPYGQALX-ARQDHWQXSA
1AQ2,P22259,ATP,ZKHQWZAMYRWXGA-KQYNXXCUSA
8UXZ,P0A9Q5,ACO,ZSLZBFCDCINBPY-ZSJPKINUSA
2PKM,P9WID5,ADN,OIRDTQYFTABQOQ-KQYNXXCUSA
7N29,Q4G0N4,NAD,BAWFJGJZGIEFAR-NNYOXOHSSA
2WTZ,P9WJL3,UAG,OJZCATPXPWFLHF-HPUCEMLMSA
3L4G,Q9Y285,PHE,COLNVLDHVKWLRT-QMMMGPOBSA
6ZJD,Q9UIJ7,ATP,ZKHQWZAMYRWXGA-KQYNXXCUSA
5HV7,Q31KC7,RBL,ZAQJHHRNXZUBTE-NQXXGFSBSA
2VXO,P49915,XMP,DCTLYFZHFGENCW-UUOKFMHZSA
2BIF,P25114,F6P,BGWGXPAPYGQALX-ARQDHWQXSA
1PG3,Q8ZKF6,COA,RGJOEKWQDUBAIZ-IBOSZNHHSA
6CMW,Q503I3,ATP,ZKHQWZAMYRWXGA-KQYNXXCUSA
3L4G,Q9NSD9,PHE,COLNVLDHVKWLRT-QMMMGPOBSA
8BIT,A4YDT1,COA,RGJOEKWQDUBAIZ-IBOSZNHHSA
7BI6,Q61194,ATP,ZKHQWZAMYRWXGA-KQYNXXCUSA
2XSZ,Q9Y265,ATP,ZKHQWZAMYRWXGA-KQYNXXCUSA
2XSZ,Q9Y230,ATP,ZKHQWZAMYRWXGA-KQYNXXCUSA
8Y5I,P69874,ATP,ZKHQWZAMYRWXGA-KQYNXXCUSA
8Y5G,P69874,SPD,ATHGHQPFGPMSJY-UHFFFAOYSA
4BZQ,P9WNM5,ADX,IRLPACMLTUPBCL-KQYNXXCUSA
1Z0S,O30297,ATP,ZKHQWZAMYRWXGA-KQYNXXCUSA
1Z0Z,O30297,NAD,BAWFJGJZGIEFAR-NNYOXOHSSA
8XVB,P03763,ATP,ZKHQWZAMYRWXGA-KQYNXXCUSA
1UA2,P50613,ATP,ZKHQWZAMYRWXGA-KQYNXXCUSA
1E8C,P22188,UAG,OJZCATPXPWFLHF-HPUCEMLMSA
1E8C,P22188,API,GMKMEZVLHJARHF-SYDPRGILSA
1OBD,P27616,ATP,ZKHQWZAMYRWXGA-KQYNXXCUSA
1GUQ,P09148,UPG,HSCJRCZFDFQWRP-JZMIEXBBSA
4A0H,B0F481,KAP,GUAHPAJOXVYFON-ZETCQYMHSA
6ILS,A1A6H3,ATP,ZKHQWZAMYRWXGA-KQYNXXCUSA
5GOY,P56192,MET,FFEARJCKVFRZRR-BYPYZUCNSA
2PAA,P09041,ATP,ZKHQWZAMYRWXGA-KQYNXXCUSA
2P9T,P09041,3PG,OSJPPGNTCRNQQC-UWTATZPHSA
9JAB,Q16774,5GP,RQFCJASXJCIDSX-UUOKFMHZSA
8S24,Q63HN8,ATP,ZKHQWZAMYRWXGA-KQYNXXCUSA
7SHM,P33897,ATP,ZKHQWZAMYRWXGA-KQYNXXCUSA
1CQI,P0A836,COA,RGJOEKWQDUBAIZ-IBOSZNHHSA
1A82,P13000,ATP,ZKHQWZAMYRWXGA-KQYNXXCUSA
1A82,P13000,DNN,KCEGBPIYGIWCDH-JGVFFNPUSA
2WZB,P00558,3PG,OSJPPGNTCRNQQC-UWTATZPHSA
1Y8P,Q15120,ATP,ZKHQWZAMYRWXGA-KQYNXXCUSA
1M0W,Q08220,3GC,RITKHVBHSGLULN-WHFBIAKZSA
4OBY,P11875,ARG,ODKSFYDXXFIFQN-BYPYZUCNSA
4BC2,O75191,XUL,ZAQJHHRNXZUBTE-WUJLRWPWSA
8WND,P09436,ILE,AGPKZVBTJJNPAG-WHFBIAKZSA
4N0I,P33893,GLN,ZDXPYRJPNDTMRX-VKHMYHEASA
2ITM,P09099,XUL,ZAQJHHRNXZUBTE-WUJLRWPWSA
5MGH,O95363,PHE,COLNVLDHVKWLRT-QMMMGPOBSA
4PHC,P12081,HIS,HNDVDQJCIGZPNO-YFKPBYRVSA
4Q2T,P54136,ARG,ODKSFYDXXFIFQN-BYPYZUCNSA
8JXU,Q92887,ATP,ZKHQWZAMYRWXGA-KQYNXXCUSA
3CQD,P06999,ATP,ZKHQWZAMYRWXGA-KQYNXXCUSA
3N1C,P06999,F6P,BGWGXPAPYGQALX-ARQDHWQXSA
3AFO,Q06892,NAI,BOPGDPNILDQYTO-NNYOXOHSSA
3BJU,Q15046,ATP,ZKHQWZAMYRWXGA-KQYNXXCUSA
3BJU,Q15046,LYS,KDXKERNSBIXSRK-YFKPBYRVSA
1BO5,P0A6F3,GOL,PEDCQBHIVMGVHV-UHFFFAOYSA
3LSS,Q384V4,ATP,ZKHQWZAMYRWXGA-KQYNXXCUSA
1F4L,P00959,MET,FFEARJCKVFRZRR-BYPYZUCNSA
7PUP,O80568,ATP,ZKHQWZAMYRWXGA-KQYNXXCUSA
4ARZ,Q00582,GTP,XKMLYUALXHKNFT-UUOKFMHZSA
5J9W,P38806,ACO,ZSLZBFCDCINBPY-ZSJPKINUSA
2BZN,Q9P2T1,IMP,GRSZFWQUAKGDAV-KQYNXXCUSA
2JI6,P40149,OXK,QVXMZFTWJVBUHP-IBOSZNHHSA
4CQM,Q8N4T8,NAP,XJLXINKUBYWONI-NNYOXOHSSA
7QEM,P0ADG7,IMP,GRSZFWQUAKGDAV-KQYNXXCUSA
6JNK,Q53TZ2,NAP,XJLXINKUBYWONI-NNYOXOHSSA
5ISY,P32664,NAD,BAWFJGJZGIEFAR-NNYOXOHSSA
3MP5,P35914,HMG,CABVTRNMFUVUDM-VRHQGPGLSA
1XCJ,P10868,NMG,BPMFZUMJYQTVII-UHFFFAOYSA
5YF0,Q8N4J0,SAM,MEFKEPWMEQBLKI-FCKMPRQPSA
5YF1,Q8N4J0,8V0,CQOVPNPJLQNMDC-ZETCQYMHSA
1T2F,P07195,NAD,BAWFJGJZGIEFAR-NNYOXOHSSA
2YHI,Q581W1,NAP,XJLXINKUBYWONI-NNYOXOHSSA
1G9S,P0A9M2,IMP,GRSZFWQUAKGDAV-KQYNXXCUSA
1G9T,P0A9M2,5GP,RQFCJASXJCIDSX-UUOKFMHZSA
1OMO,O28608,NAD,BAWFJGJZGIEFAR-NNYOXOHSSA
6FF8,Q13637,GTP,XKMLYUALXHKNFT-UUOKFMHZSA
6SMY,P0A9V8,NAD,BAWFJGJZGIEFAR-NNYOXOHSSA
8D9L,P57081,SAM,MEFKEPWMEQBLKI-FCKMPRQPSA
1D7L,P20586,PHB,FJKROLUGYXJWQN-UHFFFAOYSA
4KVO,Q9UTI3,ACO,ZSLZBFCDCINBPY-ZSJPKINUSA
3V9L,Q8CHT0,NAD,BAWFJGJZGIEFAR-NNYOXOHSSA
1FPQ,P93324,SAM,MEFKEPWMEQBLKI-FCKMPRQPSA
2BRU,P0AB67,NAD,BAWFJGJZGIEFAR-NNYOXOHSSA
1MJB,Q08649,ACO,ZSLZBFCDCINBPY-ZSJPKINUSA
8A4B,P20337,GTP,XKMLYUALXHKNFT-UUOKFMHZSA
1Z4R,Q92830,ACO,ZSLZBFCDCINBPY-ZSJPKINUSA
5TRL,Q92830,SCA,VNOYUJKHFWYWIR-ITIYDSSPSA
4B8W,Q13630,NAP,XJLXINKUBYWONI-NNYOXOHSSA
1DQA,P04035,NAP,XJLXINKUBYWONI-NNYOXOHSSA
1DQ8,P04035,COA,RGJOEKWQDUBAIZ-IBOSZNHHSA
2X5J,P0A9B6,PO4,NBIIXXVUZAFLBC-UHFFFAOYSA
1NYT,P15770,NAP,XJLXINKUBYWONI-NNYOXOHSSA
4FBG,Q73Q47,NAD,BAWFJGJZGIEFAR-NNYOXOHSSA
6NM4,Q9NQV7,SAM,MEFKEPWMEQBLKI-FCKMPRQPSA
3S8P,Q4FZB7,SAM,MEFKEPWMEQBLKI-FCKMPRQPSA
8BR4,P9WN83,NAD,BAWFJGJZGIEFAR-NNYOXOHSSA
2AZN,Q58085,NAP,XJLXINKUBYWONI-NNYOXOHSSA
4CXQ,P9WQ81,KAP,GUAHPAJOXVYFON-ZETCQYMHSA
7EDC,P0AGJ2,SAM,MEFKEPWMEQBLKI-FCKMPRQPSA
6PPL,P41227,ACO,ZSLZBFCDCINBPY-ZSJPKINUSA
6KE6,Q08965,GTP,XKMLYUALXHKNFT-UUOKFMHZSA
5ZUE,P9WN95,GTP,XKMLYUALXHKNFT-UUOKFMHZSA
1HY3,P49888,PPS,GACDQMDRPRGCTN-KQYNXXCUSA
2FVL,P17516,NAP,XJLXINKUBYWONI-NNYOXOHSSA
3HRD,Q0QLF3,NIO,PVNIIMVLHYAWGP-UHFFFAOYSA
3J9Z,P0A7J3,GTP,XKMLYUALXHKNFT-UUOKFMHZSA
2AG5,Q9BUT1,NAD,BAWFJGJZGIEFAR-NNYOXOHSSA
2BEL,P28845,NAP,XJLXINKUBYWONI-NNYOXOHSSA
3JCM,P36048,GTP,XKMLYUALXHKNFT-UUOKFMHZSA
4D1N,P29475,ARG,ODKSFYDXXFIFQN-BYPYZUCNSA
4A6D,P46597,SAM,MEFKEPWMEQBLKI-FCKMPRQPSA
4A6E,P46597,ASE,MVAWJSIDNICKHF-UHFFFAOYSA
2QF1,P07379,OAA,KHPXUQMNIQBQEV-UHFFFAOYSA
2QEY,P07379,GTP,XKMLYUALXHKNFT-UUOKFMHZSA
2OU2,Q92993,ACO,ZSLZBFCDCINBPY-ZSJPKINUSA
3ZW9,P07896,NAD,BAWFJGJZGIEFAR-NNYOXOHSSA
1PT8,P69902,OXL,MUBZPKHOEPUJKR-UHFFFAOYSA
4ZQM,P9WKI7,NAD,BAWFJGJZGIEFAR-NNYOXOHSSA
4ZQN,P9WKI7,IMP,GRSZFWQUAKGDAV-KQYNXXCUSA
1W6U,Q16698,NAP,XJLXINKUBYWONI-NNYOXOHSSA
2GEJ,A0QWG6,GDD,MVMSCBBUIHUTGJ-GDJBGNAASA
3TKL,P62820,GTP,XKMLYUALXHKNFT-UUOKFMHZSA
2O2Q,P28037,NAP,XJLXINKUBYWONI-NNYOXOHSSA
8YAL,Q23192,ACO,ZSLZBFCDCINBPY-ZSJPKINUSA
1H5Q,O93868,NAP,XJLXINKUBYWONI-NNYOXOHSSA
1QKI,P11413,NAP,XJLXINKUBYWONI-NNYOXOHSSA
1CF2,P10618,NAP,XJLXINKUBYWONI-NNYOXOHSSA
7O9K,Q9H4K7,GTP,XKMLYUALXHKNFT-UUOKFMHZSA
7DAJ,Q5KQI6,ACO,ZSLZBFCDCINBPY-ZSJPKINUSA
3OA2,G3XD23,NAD,BAWFJGJZGIEFAR-NNYOXOHSSA
7E1T,P51151,GTP,XKMLYUALXHKNFT-UUOKFMHZSA
1Z5O,P0AF12,MTA,WUUGFSXJNOTRMR-IOSLPCCCSA
4MXE,Q5FWF5,ACO,ZSLZBFCDCINBPY-ZSJPKINUSA
2OQ2,P18408,A3P,WHTCPDAXWFLDIH-KQYNXXCUSA
5H3E,P54071,ICT,ODBLHEXUDAPZAU-ZAFYKAAXSA
1Q7B,P0AEK2,NAP,XJLXINKUBYWONI-NNYOXOHSSA
2WAT,P19097,COA,RGJOEKWQDUBAIZ-IBOSZNHHSA
7PK0,Q2KIR7,BYC,VEVJTUNLALKRNO-TYHXJLICSA
5B47,Q96XT2,PYR,LCTONWCANYUPML-UHFFFAOYSA
7YW4,Q12272,NAD,BAWFJGJZGIEFAR-NNYOXOHSSA
1OLT,P32131,SAM,MEFKEPWMEQBLKI-FCKMPRQPSA
1E6U,P32055,NAP,XJLXINKUBYWONI-NNYOXOHSSA
1NPD,P0A6D5,NAD,BAWFJGJZGIEFAR-NNYOXOHSSA
4XNH,P07347,ACO,ZSLZBFCDCINBPY-ZSJPKINUSA
3F0A,Q9HL57,ACO,ZSLZBFCDCINBPY-ZSJPKINUSA
1V3T,Q9EQZ5,NAP,XJLXINKUBYWONI-NNYOXOHSSA
3AC9,Q9UKK9,8GD,LJMLTZSNWOCYNQ-VPENINKCSA
1MUU,P11759,NAD,BAWFJGJZGIEFAR-NNYOXOHSSA
1SR9,P9WQB3,KIV,QHKABHOOEWYVLI-UHFFFAOYSA
2G96,Q80Z29,NMN,DAYLJWODMCOQEW-TURQNECASA
9IT0,P76594,ACO,ZSLZBFCDCINBPY-ZSJPKINUSA
6ITE,P0C0G6,NAD,BAWFJGJZGIEFAR-NNYOXOHSSA
3DOE,P36404,GTP,XKMLYUALXHKNFT-UUOKFMHZSA
1PS6,P19624,4TP,FKHAKIJOKDGEII-GBXIJSLDSA
1AI2,P08200,NAP,XJLXINKUBYWONI-NNYOXOHSSA
1AI3,P08200,ICT,ODBLHEXUDAPZAU-ZAFYKAAXSA
4IJ8,Q9NQR1,SAM,MEFKEPWMEQBLKI-FCKMPRQPSA
4U9V,Q86UY6,ACO,ZSLZBFCDCINBPY-ZSJPKINUSA
2IKF,Q381M1,UTP,PGAVKCOVUIYSFO-XVFCMESISA
2BGL,Q94KL8,NAJ,BAWFJGJZGIEFAR-NNYOXOHSSA
1NVM,Q52060,NAD,BAWFJGJZGIEFAR-NNYOXOHSSA
9KFD,P38297,GTP,XKMLYUALXHKNFT-UUOKFMHZSA
3DXY,P0A8I5,SAM,MEFKEPWMEQBLKI-FCKMPRQPSA
2PD6,Q92506,NAD,BAWFJGJZGIEFAR-NNYOXOHSSA
2C43,Q9NRN7,COA,RGJOEKWQDUBAIZ-IBOSZNHHSA
1TDF,P0A9P4,NAP,XJLXINKUBYWONI-NNYOXOHSSA
1Z0J,P35285,GTP,XKMLYUALXHKNFT-UUOKFMHZSA
4RFQ,O95568,SAM,MEFKEPWMEQBLKI-FCKMPRQPSA
3QJ7,P9WFR9,UMP,JSRLJPSBLDHEIO-SHYZEUOFSA
8QMQ,P76149,NAD,BAWFJGJZGIEFAR-NNYOXOHSSA
8QMR,P76149,SSN,UIUJIQZEACWQSV-UHFFFAOYSA
2JF3,P0A722,UD1,LFTYTUAZOPRMMI-CFRASDGPSA
1P16,P78587,GTP,XKMLYUALXHKNFT-UUOKFMHZSA
3DOO,Q5HNV1,SKM,JXOHGGNKMLTUBP-HSUXUTPPSA
2GCG,Q9UBQ7,DGY,RBNPOMFGQQGHHO-UWTATZPHSA
1Z0K,P20338,GTP,XKMLYUALXHKNFT-UUOKFMHZSA
2HK9,O67049,NAP,XJLXINKUBYWONI-NNYOXOHSSA
2HK9,O67049,SKM,JXOHGGNKMLTUBP-HSUXUTPPSA
2NVK,P91938,NAP,XJLXINKUBYWONI-NNYOXOHSSA
6BRH,Q60710,DGT,HAAZLUGHYHWQIW-KVQBGUIXSA
1LO9,P56653,BCA,LTVXPVBFJBTNIJ-TYHXJLICSA
5J33,P93832,NAD,BAWFJGJZGIEFAR-NNYOXOHSSA
5J32,P93832,IPM,RNQHMTFBUSSBJQ-CRCLSJGQSA
1E92,Q01782,NAP,XJLXINKUBYWONI-NNYOXOHSSA
2KSQ,P11076,GTP,XKMLYUALXHKNFT-UUOKFMHZSA
1PSD,P0A9T0,NAD,BAWFJGJZGIEFAR-NNYOXOHSSA
9M1M,Q15814,GTP,XKMLYUALXHKNFT-UUOKFMHZSA
3IVT,Q9Y823,AKG,KPGXRSRHYNQIFN-UHFFFAOYSA
8Q54,P80186,COM,ZNEWHQLOPFWXOF-UHFFFAOYSA
1PS9,P42593,NAP,XJLXINKUBYWONI-NNYOXOHSSA
3CB8,P0A9N4,SAM,MEFKEPWMEQBLKI-FCKMPRQPSA
4LIS,C8VAU8,UPG,HSCJRCZFDFQWRP-JZMIEXBBSA
2GRA,P32322,NAP,XJLXINKUBYWONI-NNYOXOHSSA
5UAU,P32322,PRO,ONIBWKKTOPOVIA-BYPYZUCNSA
3RHB,Q8GWS0,GSH,RWSXRVCMGQZWBV-WDSKDSINSA
1XS4,P28248,DCP,RGWHQCVHVJXOKC-SHYZEUOFSA
1BXS,P51977,NAD,BAWFJGJZGIEFAR-NNYOXOHSSA
3RIY,Q9NXA8,NAD,BAWFJGJZGIEFAR-NNYOXOHSSA
3UHA,P38998,NAD,BAWFJGJZGIEFAR-NNYOXOHSSA
3UH1,P38998,SHR,ZDGJAHTZVHVLOT-YUMQZZPRSA
3MEK,Q9H7B4,SAM,MEFKEPWMEQBLKI-FCKMPRQPSA
2ZYA,P00350,6PG,BIRSGZKFKXLSJQ-SQOUGZDYSA
5AYZ,Q15274,NCN,JOUIQRNQJGXQDC-ZYUZMQFOSA
3HQ4,Q6GIL8,NAD,BAWFJGJZGIEFAR-NNYOXOHSSA
3K73,Q6GIL8,PO4,NBIIXXVUZAFLBC-UHFFFAOYSA
1P5D,P26276,G1P,HXXFSFRBOHSIMQ-VFUOTHLCSA
1PCJ,P26276,M1P,HXXFSFRBOHSIMQ-RWOPYEJCSA
4Y9P,Q9HXH7,C2E,PKFDLKSEZWEFGL-MHARETSRSA
6IF2,Q15286,GTP,XKMLYUALXHKNFT-UUOKFMHZSA
6C8R,B2KPR3,EQV,JNNGEAWILNVFFD-CDJYTOATSA
2C7V,O76290,NAP,XJLXINKUBYWONI-NNYOXOHSSA
2CDA,O93715,NAP,XJLXINKUBYWONI-NNYOXOHSSA
2CDB,O93715,BGC,WQZGKKKJIJFFOK-VFUOTHLCSA
1KYQ,P15807,NAD,BAWFJGJZGIEFAR-NNYOXOHSSA
6S6A,Q7L523,GTP,XKMLYUALXHKNFT-UUOKFMHZSA
1F0Y,Q16836,NAD,BAWFJGJZGIEFAR-NNYOXOHSSA
5V7I,P34897,GLY,DHMQDGOQFOQNFH-UHFFFAOYSA
9JQ5,P26440,IVC,UYVZIWWBJMYRCD-ZMHDXICWSA
1YQQ,P45563,PO4,NBIIXXVUZAFLBC-UHFFFAOYSA
3JZ4,P25526,NAP,XJLXINKUBYWONI-NNYOXOHSSA
1E96,P63000,GTP,XKMLYUALXHKNFT-UUOKFMHZSA
6S6A,Q9HB90,GTP,XKMLYUALXHKNFT-UUOKFMHZSA
4RHT,P9WHQ9,5GP,RQFCJASXJCIDSX-UUOKFMHZSA
3PFF,P53396,ADP,XTWYTFMLZFPYCI-KQYNXXCUSA
5TDE,P53396,2HP,NBIIXXVUZAFLBC-UHFFFAOYSA
3SPT,P9WMN3,ACO,ZSLZBFCDCINBPY-ZSJPKINUSA
2QKX,P9WMN3,GN1,FZLJPEPAYPUMMR-FMDGEEDCSA
2ZYT,Q3UZZ6,PPS,GACDQMDRPRGCTN-KQYNXXCUSA
1DC6,P0A9B2,NAD,BAWFJGJZGIEFAR-NNYOXOHSSA
1C2T,P08179,GAR,OBQMLSFOUZUIOB-SHUUEZRQSA
5ILG,Q9VV42,NAD,BAWFJGJZGIEFAR-NNYOXOHSSA
6K0X,Q9Y5N5,SAM,MEFKEPWMEQBLKI-FCKMPRQPSA
8EZJ,P38116,GTP,XKMLYUALXHKNFT-UUOKFMHZSA
5HUT,Q92410,UPG,HSCJRCZFDFQWRP-JZMIEXBBSA
4QJK,O33336,COA,RGJOEKWQDUBAIZ-IBOSZNHHSA
2ZAT,Q8WNV7,NAP,XJLXINKUBYWONI-NNYOXOHSSA
2X19,P32835,GTP,XKMLYUALXHKNFT-UUOKFMHZSA
5HGZ,Q9H7X0,ACO,ZSLZBFCDCINBPY-ZSJPKINUSA
1KRR,P07464,ACO,ZSLZBFCDCINBPY-ZSJPKINUSA
2HQM,P41921,GSH,RWSXRVCMGQZWBV-WDSKDSINSA
1IIC,P14743,MYA,DUAFKXOFBZQTQE-QSGBVPJFSA
7JWK,P47543,NAD,BAWFJGJZGIEFAR-NNYOXOHSSA
7JWK,P47543,PO4,NBIIXXVUZAFLBC-UHFFFAOYSA
5MY0,P19096,MLC,LTYOQGRJFJAKNA-DVVLENMVSA
5VBU,P08686,3QZ,DBPWSSGDRRHUNT-CEGNMAFCSA
4Y8W,P08686,STR,RJKFOVLPORLFTN-LEKSSAKUSA
7LHU,P9WIK3,AMP,UDMBCSSLTHHNCD-KQYNXXCUSA
8OWM,Q38946,NAD,BAWFJGJZGIEFAR-NNYOXOHSSA
2VEZ,Q4WCU5,ACO,ZSLZBFCDCINBPY-ZSJPKINUSA
2OZU,Q92794,ACO,ZSLZBFCDCINBPY-ZSJPKINUSA
2QFV,P21954,NAP,XJLXINKUBYWONI-NNYOXOHSSA
2QFW,P21954,ICT,ODBLHEXUDAPZAU-ZAFYKAAXSA
5TT5,P15042,NAD,BAWFJGJZGIEFAR-NNYOXOHSSA
1UPT,P40616,GTP,XKMLYUALXHKNFT-UUOKFMHZSA
1O9J,Q28399,NAD,BAWFJGJZGIEFAR-NNYOXOHSSA
6VR6,P49189,NAD,BAWFJGJZGIEFAR-NNYOXOHSSA
2PGF,A5KE01,ADN,OIRDTQYFTABQOQ-KQYNXXCUSA
5NV8,Q88LS1,TRH,ZOSQFDVXNQFKBY-CGAXJHMRSA
1U7T,Q99714,NAD,BAWFJGJZGIEFAR-NNYOXOHSSA
7T88,P0A9M8,PO4,NBIIXXVUZAFLBC-UHFFFAOYSA
5M1T,Q9I310,C2E,PKFDLKSEZWEFGL-MHARETSRSA
6L8K,O64642,UTP,PGAVKCOVUIYSFO-XVFCMESISA
1AL6,P23007,OAA,KHPXUQMNIQBQEV-UHFFFAOYSA
1UQU,P31677,UPG,HSCJRCZFDFQWRP-JZMIEXBBSA
1AHH,P0AET8,NAD,BAWFJGJZGIEFAR-NNYOXOHSSA
4G6H,P32340,NAI,BOPGDPNILDQYTO-NNYOXOHSSA
5LOL,Q9FRL8,GSH,RWSXRVCMGQZWBV-WDSKDSINSA
3RFX,Q7CRQ0,NAD,BAWFJGJZGIEFAR-NNYOXOHSSA
2JAC,P25373,GSH,RWSXRVCMGQZWBV-WDSKDSINSA
1GTR,P00962,ATP,ZKHQWZAMYRWXGA-KQYNXXCUSA
1O0B,P00962,GLN,ZDXPYRJPNDTMRX-VKHMYHEASA
1BBU,P0A8N3,LYS,KDXKERNSBIXSRK-YFKPBYRVSA
5E26,Q9BZ23,PAU,GHOKWGTUZJEAQD-ZETCQYMHSA
3NH9,Q9NP58,ATP,ZKHQWZAMYRWXGA-KQYNXXCUSA
9SH9,P54263,ATP,ZKHQWZAMYRWXGA-KQYNXXCUSA
1E1O,P0A8N5,LYS,KDXKERNSBIXSRK-YFKPBYRVSA
1IG3,Q9R0M5,VIB,JZRWCGZRTZMZEH-UHFFFAOYSA
2VAR,Q97U29,KDG,WPAMZTWLKIDIOP-WVZVXSGGSA
1KMN,P60906,ATP,ZKHQWZAMYRWXGA-KQYNXXCUSA
1HTT,P60906,HIS,HNDVDQJCIGZPNO-YFKPBYRVSA
2J0W,P08660,ASP,CKLJMWTZIZZHCS-REOHCLBHSA
2BNE,P0A7E9,U5P,DJJCXFVJDGTHFX-XVFCMESISA
9BI4,P12753,ATP,ZKHQWZAMYRWXGA-KQYNXXCUSA
9ERD,Q7Z7L1,ATP,ZKHQWZAMYRWXGA-KQYNXXCUSA
1DY3,P26281,ATP,ZKHQWZAMYRWXGA-KQYNXXCUSA
3LMH,P42527,ADP,XTWYTFMLZFPYCI-KQYNXXCUSA
1EEH,P14900,UMA,NTMMCWJNQNKACG-KBKUWGQMSA
4N0I,Q03557,GLN,ZDXPYRJPNDTMRX-VKHMYHEASA
1GN8,P0A6I6,ATP,ZKHQWZAMYRWXGA-KQYNXXCUSA
1H1T,P0A6I6,PNS,JDMUPRLRUUMCTL-VIFPVBQESA
2WWF,Q8I4S1,TMP,GYOZYWVXFNDGLU-XLPZGREQSA
1WQ4,P0AGJ9,TYR,OUYCCCASQSFEME-QMMMGPOBSA
8Y1T,Q9NJP9,GOL,PEDCQBHIVMGVHV-UHFFFAOYSA
8XL5,P05166,1VU,QAQREVBBADEHPA-IEXPHMLFSA
1KVK,P17256,ATP,ZKHQWZAMYRWXGA-KQYNXXCUSA
1EX7,P15454,5GP,RQFCJASXJCIDSX-UUOKFMHZSA
5A5Y,Q9SIY3,3PO,UNXRWKVEANCORM-UHFFFAOYSA
5W81,Q1LX78,ATP,ZKHQWZAMYRWXGA-KQYNXXCUSA
6KID,Q9P2J5,ATP,ZKHQWZAMYRWXGA-KQYNXXCUSA
3PGK,P00560,ATP,ZKHQWZAMYRWXGA-KQYNXXCUSA
1QPG,P00560,3PG,OSJPPGNTCRNQQC-UWTATZPHSA
4K87,P07814,PRO,ONIBWKKTOPOVIA-BYPYZUCNSA
5U03,P17812,ATP,ZKHQWZAMYRWXGA-KQYNXXCUSA
5U03,P17812,UTP,PGAVKCOVUIYSFO-XVFCMESISA
1UKZ,P15700,AMP,UDMBCSSLTHHNCD-KQYNXXCUSA
8XL1,Q13085,ACO,ZSLZBFCDCINBPY-ZSJPKINUSA
3ZZF,Q01217,NLG,RFMMMVDNIPUKGG-YFKPBYRVSA
1DV2,P24182,ATP,ZKHQWZAMYRWXGA-KQYNXXCUSA
3NL5,Q6FV03,TZE,BKAWJIRCKVUVED-UHFFFAOYSA
8Y5I,P0AFK6,ATP,ZKHQWZAMYRWXGA-KQYNXXCUSA
8Y5G,P0AFK6,SPD,ATHGHQPFGPMSJY-UHFFFAOYSA
7S2Z,V9M398,NAD,BAWFJGJZGIEFAR-NNYOXOHSSA
2FR0,Q03131,NDP,ACFIXJIJDZMPPO-NNYOXOHSSA
7CSH,Q9SVP6,NDP,ACFIXJIJDZMPPO-NNYOXOHSSA
4XNH,Q08689,ACO,ZSLZBFCDCINBPY-ZSJPKINUSA
1BOB,Q12341,ACO,ZSLZBFCDCINBPY-ZSJPKINUSA
1DLI,P0C0F4,NAD,BAWFJGJZGIEFAR-NNYOXOHSSA
3RSB,Q58517,GTP,XKMLYUALXHKNFT-UUOKFMHZSA
1A8R,P0A6T5,GTP,XKMLYUALXHKNFT-UUOKFMHZSA
8DKT,P42207,GTP,XKMLYUALXHKNFT-UUOKFMHZSA
4YMK,P13516,ST9,SIARJEKBADXQJG-LFZQUHGESA
8A3N,W8JWW7,NAP,XJLXINKUBYWONI-NNYOXOHSSA
6YZZ,Q9LFM3,ACO,ZSLZBFCDCINBPY-ZSJPKINUSA
1M7V,O34453,ARG,ODKSFYDXXFIFQN-BYPYZUCNSA
1ZUA,O60218,NAP,XJLXINKUBYWONI-NNYOXOHSSA
1TA9,O13702,GOL,PEDCQBHIVMGVHV-UHFFFAOYSA
4FDA,P35731,NAP,XJLXINKUBYWONI-NNYOXOHSSA
3K2B,P25856,NAD,BAWFJGJZGIEFAR-NNYOXOHSSA
5ZI2,P32419,NAD,BAWFJGJZGIEFAR-NNYOXOHSSA
6FXK,O60568,AKG,KPGXRSRHYNQIFN-UHFFFAOYSA
9QGG,Q8T0L3,AMP,UDMBCSSLTHHNCD-KQYNXXCUSA
6YUG,Q5CPU3,ACO,ZSLZBFCDCINBPY-ZSJPKINUSA
4P4G,I6Y120,SKM,JXOHGGNKMLTUBP-HSUXUTPPSA
8PV1,G0SBX1,GTP,XKMLYUALXHKNFT-UUOKFMHZSA
1ZBQ,P51659,NAD,BAWFJGJZGIEFAR-NNYOXOHSSA
5FHZ,P47895,NAD,BAWFJGJZGIEFAR-NNYOXOHSSA
7F3V,P33644,PO4,NBIIXXVUZAFLBC-UHFFFAOYSA
1EE9,Q02046,NAD,BAWFJGJZGIEFAR-NNYOXOHSSA
2XR7,Q589Y0,MLC,LTYOQGRJFJAKNA-DVVLENMVSA
5WAN,P75898,URA,ISAKRJDGNUQOIC-UHFFFAOYSA
5B47,Q96XT4,PYR,LCTONWCANYUPML-UHFFFAOYSA
4BZB,Q9Y3Z3,DGT,HAAZLUGHYHWQIW-KVQBGUIXSA
1JQD,P50135,HSM,NTYJJOPFIAHURM-UHFFFAOYSA
8IZJ,P69503,AMP,UDMBCSSLTHHNCD-KQYNXXCUSA
1MC3,P61887,TTP,NHVNXKFIZYSCEB-XLPZGREQSA
4ZYO,O00767,ST9,SIARJEKBADXQJG-LFZQUHGESA
5TC4,P13995,NAD,BAWFJGJZGIEFAR-NNYOXOHSSA
3CKK,Q9UBP6,SAM,MEFKEPWMEQBLKI-FCKMPRQPSA
1NSI,P35228,ARG,ODKSFYDXXFIFQN-BYPYZUCNSA
1UZN,P9WGT3,NAP,XJLXINKUBYWONI-NNYOXOHSSA
4L5Z,P82610,HCS,FFFHZYDWPBMWHY-VKHMYHEASA
2XNJ,P28861,NAP,XJLXINKUBYWONI-NNYOXOHSSA
5X5U,Q1JUP4,NAD,BAWFJGJZGIEFAR-NNYOXOHSSA
5IZD,Q9HK01,NAP,XJLXINKUBYWONI-NNYOXOHSSA
3HRD,Q0QLF4,NIO,PVNIIMVLHYAWGP-UHFFFAOYSA
6OVL,P75913,NAP,XJLXINKUBYWONI-NNYOXOHSSA
3HRD,Q0QLF2,NIO,PVNIIMVLHYAWGP-UHFFFAOYSA
6JX2,Q57179,NAP,XJLXINKUBYWONI-NNYOXOHSSA
3L4N,Q12438,GSH,RWSXRVCMGQZWBV-WDSKDSINSA
3H7U,Q0PGJ6,NAP,XJLXINKUBYWONI-NNYOXOHSSA
1XG5,Q6UWP2,NAP,XJLXINKUBYWONI-NNYOXOHSSA
7KRG,P0C0Y5,NAP,XJLXINKUBYWONI-NNYOXOHSSA
2CF6,O49482,NAP,XJLXINKUBYWONI-NNYOXOHSSA
3HRD,Q0QLF1,NIO,PVNIIMVLHYAWGP-UHFFFAOYSA
1E1K,P08165,NAP,XJLXINKUBYWONI-NNYOXOHSSA
1KY8,O57693,NAP,XJLXINKUBYWONI-NNYOXOHSSA
1PGP,P00349,6PG,BIRSGZKFKXLSJQ-SQOUGZDYSA
8E8O,Q16798,NAP,XJLXINKUBYWONI-NNYOXOHSSA
6HCY,Q687X5,NAP,XJLXINKUBYWONI-NNYOXOHSSA
1EBU,P31116,HSE,UKAUYVFTDYCKQA-VKHMYHEASA
1KC3,P26392,TRH,ZOSQFDVXNQFKBY-CGAXJHMRSA
1QI1,Q59931,NAP,XJLXINKUBYWONI-NNYOXOHSSA
1QI1,Q59931,G3H,LXJXRIRHZLFYRP-VKHMYHEASA
4R1S,A0A059TC02,NAP,XJLXINKUBYWONI-NNYOXOHSSA
1GET,P06715,NAP,XJLXINKUBYWONI-NNYOXOHSSA
1DDI,P38038,NAP,XJLXINKUBYWONI-NNYOXOHSSA
5AYV,Q5JGC2,NAP,XJLXINKUBYWONI-NNYOXOHSSA
9KL6,P78804,NAP,XJLXINKUBYWONI-NNYOXOHSSA
3EAN,O89049,NAP,XJLXINKUBYWONI-NNYOXOHSSA
1HDO,P30043,NAP,XJLXINKUBYWONI-NNYOXOHSSA
1V59,P09624,NAD,BAWFJGJZGIEFAR-NNYOXOHSSA
1IYK,P30418,MYA,DUAFKXOFBZQTQE-QSGBVPJFSA
3QWB,P38230,NDP,ACFIXJIJDZMPPO-NNYOXOHSSA
7XZG,Q5ADM7,NAD,BAWFJGJZGIEFAR-NNYOXOHSSA
4YB4,Q72IW9,48Y,OEJZZCGRGVFWHK-WVZVXSGGSA
8DKT,P54359,GTP,XKMLYUALXHKNFT-UUOKFMHZSA
3HDH,P00348,NAD,BAWFJGJZGIEFAR-NNYOXOHSSA
1NFB,P12268,NAD,BAWFJGJZGIEFAR-NNYOXOHSSA
1HMP,P00492,5GP,RQFCJASXJCIDSX-UUOKFMHZSA
3FSY,P9WP21,SCA,VNOYUJKHFWYWIR-ITIYDSSPSA
1GUF,Q8WZM3,NDP,ACFIXJIJDZMPPO-NNYOXOHSSA
2ZFN,Q07794,ACO,ZSLZBFCDCINBPY-ZSJPKINUSA
7O9K,Q9BT17,GTP,XKMLYUALXHKNFT-UUOKFMHZSA
8P2L,Q86DA5,NAD,BAWFJGJZGIEFAR-NNYOXOHSSA
1V2X,Q5SM16,SAM,MEFKEPWMEQBLKI-FCKMPRQPSA
8Q54,P80184,COM,ZNEWHQLOPFWXOF-UHFFFAOYSA
1OC4,Q7SI97,NAD,BAWFJGJZGIEFAR-NNYOXOHSSA
2D8A,O58389,NAD,BAWFJGJZGIEFAR-NNYOXOHSSA
7C3O,Q5AAJ8,ACO,ZSLZBFCDCINBPY-ZSJPKINUSA
3NDR,Q988B7,NAD,BAWFJGJZGIEFAR-NNYOXOHSSA
3F3S,Q9Y2S2,NAD,BAWFJGJZGIEFAR-NNYOXOHSSA
2DFD,P40926,NAD,BAWFJGJZGIEFAR-NNYOXOHSSA
2DFD,P40926,LMR,BJEPYKJPYRNKOW-REOHCLBHSA
5DJG,P9WKJ1,A3P,WHTCPDAXWFLDIH-KQYNXXCUSA
1Z10,P11509,COU,ZYGHJZDHTFUPRJ-UHFFFAOYSA
1XL8,Q9DC50,152,PHIQHXFUZVPYII-ZCFIWIBFSA
3IU1,P30419,MYA,DUAFKXOFBZQTQE-QSGBVPJFSA
2O06,P19623,PUT,KIDHWZJUCRJVML-UHFFFAOYSA
1T09,O75874,NAP,XJLXINKUBYWONI-NNYOXOHSSA
1T0L,O75874,ICT,ODBLHEXUDAPZAU-ZAFYKAAXSA
4FC6,Q9NUI1,NAP,XJLXINKUBYWONI-NNYOXOHSSA
5YZH,O88844,NAP,XJLXINKUBYWONI-NNYOXOHSSA
8W49,O88844,ICT,ODBLHEXUDAPZAU-ZAFYKAAXSA
1YJQ,P0A9J4,NAP,XJLXINKUBYWONI-NNYOXOHSSA
2OFP,P0A9J4,PAF,OTOIIPJYVQJATP-BYPYZUCNSA
1PR9,Q7Z4W1,NAP,XJLXINKUBYWONI-NNYOXOHSSA
2O7S,Q9SQT8,NAP,XJLXINKUBYWONI-NNYOXOHSSA
2GPT,Q9SQT8,SKM,JXOHGGNKMLTUBP-HSUXUTPPSA
2HE5,Q91WR5,NDP,ACFIXJIJDZMPPO-NNYOXOHSSA
8ZOK,P07004,NAP,XJLXINKUBYWONI-NNYOXOHSSA
8ZOK,P07004,PO4,NBIIXXVUZAFLBC-UHFFFAOYSA
2A87,P9WHH1,NAP,XJLXINKUBYWONI-NNYOXOHSSA
2BEI,Q96F10,ACO,ZSLZBFCDCINBPY-ZSJPKINUSA
5GK9,O95251,ACO,ZSLZBFCDCINBPY-ZSJPKINUSA
8FWP,P25342,GTP,XKMLYUALXHKNFT-UUOKFMHZSA
2Q16,P52061,ITT,HAEJPQIATWHALX-KQYNXXCUSA
1FRW,P32173,GTP,XKMLYUALXHKNFT-UUOKFMHZSA
1R30,P12996,SAM,MEFKEPWMEQBLKI-FCKMPRQPSA
1R30,P12996,DTB,AUTOLBMXDDTRRT-JGVFFNPUSA
5YGE,O33289,ACO,ZSLZBFCDCINBPY-ZSJPKINUSA
5YGE,O33289,GLU,WHUUTDBJXJRKMK-VKHMYHEASA
7N6Q,O75908,CLR,HVYWMOMLDIMFJA-DPAQBDIFSA
4FWE,Q8NB78,FAD,VWWQXMAJTJZDQX-UYBVJOGSSA
4UOX,P42588,PUT,KIDHWZJUCRJVML-UHFFFAOYSA
2GDZ,P15428,NAD,BAWFJGJZGIEFAR-NNYOXOHSSA
6NAS,Q93015,ACO,ZSLZBFCDCINBPY-ZSJPKINUSA
1LDN,P00344,NAD,BAWFJGJZGIEFAR-NNYOXOHSSA
3M6I,Q7SI09,NAD,BAWFJGJZGIEFAR-NNYOXOHSSA
6IXN,A0A096P8D3,NAD,BAWFJGJZGIEFAR-NNYOXOHSSA
7Q05,Q3C1E2,UB7,KKEYFWRCBNTPAC-UHFFFAOYSA
2ZET,Q99P58,GTP,XKMLYUALXHKNFT-UUOKFMHZSA
4LX9,Q980R9,ACO,ZSLZBFCDCINBPY-ZSJPKINUSA
4X2Q,O94788,NAD,BAWFJGJZGIEFAR-NNYOXOHSSA
1T91,P51149,GTP,XKMLYUALXHKNFT-UUOKFMHZSA
2OB0,Q9GZZ1,ACO,ZSLZBFCDCINBPY-ZSJPKINUSA
6Y09,Q9H082,GTP,XKMLYUALXHKNFT-UUOKFMHZSA
2RAP,P10114,GTP,XKMLYUALXHKNFT-UUOKFMHZSA
1BW9,Q59771,NAD,BAWFJGJZGIEFAR-NNYOXOHSSA
1BI9,Q63639,NAD,BAWFJGJZGIEFAR-NNYOXOHSSA
3VWD,Q5SQI0,ACO,ZSLZBFCDCINBPY-ZSJPKINUSA
6NF0,Q9UK39,NDP,ACFIXJIJDZMPPO-NNYOXOHSSA
1KAE,P06988,NAD,BAWFJGJZGIEFAR-NNYOXOHSSA
1KAE,P06988,HSO,ZQISRDCJNBUVMM-YFKPBYRVSA
6S87,Q9I5E3,OAA,KHPXUQMNIQBQEV-UHFFFAOYSA
5LDG,Q6WAU1,IT9,SEZLYIWMVRUIKT-SECBINFHSA
11GS,P09211,GSH,RWSXRVCMGQZWBV-WDSKDSINSA
1V7U,P60472,FPP,VWFJDQUYCIWHTN-YFVJMOTDSA
1BK0,P05326,ACV,BYEIJZFKOAXBBV-ATZCPNFKSA
4EAY,P24215,CS2,RGHNJXZEOKUKBD-MBMOQRBOSA
1HFB,P32449,PEP,DTBNBXWJWCWCIK-UHFFFAOYSA
2VVP,P9WKD7,R52,PPQRONHOSHZGFQ-LMVFSUKVSA
4Q5O,Q1GNW5,AKG,KPGXRSRHYNQIFN-UHFFFAOYSA
1O8C,P26646,NDP,ACFIXJIJDZMPPO-NNYOXOHSSA
2QG4,O60701,NAD,BAWFJGJZGIEFAR-NNYOXOHSSA
2Q3E,O60701,UPG,HSCJRCZFDFQWRP-JZMIEXBBSA
5DMM,Q47690,HCS,FFFHZYDWPBMWHY-VKHMYHEASA
1A9Y,P09147,UPG,HSCJRCZFDFQWRP-JZMIEXBBSA
3DWW,O14684,GSH,RWSXRVCMGQZWBV-WDSKDSINSA
5GLG,P21375,SIN,KDYFGRWQOYBRFD-UHFFFAOYSA
1NFF,P9WGT1,NAD,BAWFJGJZGIEFAR-NNYOXOHSSA
3JYO,Q9X5C9,NAD,BAWFJGJZGIEFAR-NNYOXOHSSA
3GFB,Q5JI69,NAD,BAWFJGJZGIEFAR-NNYOXOHSSA
1DEH,P00325,NAD,BAWFJGJZGIEFAR-NNYOXOHSSA
2I9P,P31937,NAD,BAWFJGJZGIEFAR-NNYOXOHSSA
1TOX,P00588,NAD,BAWFJGJZGIEFAR-NNYOXOHSSA
2VHX,P9WQB1,NAD,BAWFJGJZGIEFAR-NNYOXOHSSA
1Z7E,P77398,UGA,HDYANYHVCAPMJV-LXQIFKJMSA
8PIN,P40510,NAD,BAWFJGJZGIEFAR-NNYOXOHSSA
8PIR,P40510,3PG,OSJPPGNTCRNQQC-UWTATZPHSA
6LGJ,P16858,NAD,BAWFJGJZGIEFAR-NNYOXOHSSA
6LGK,P16858,PO4,NBIIXXVUZAFLBC-UHFFFAOYSA
1CW3,P05091,NAD,BAWFJGJZGIEFAR-NNYOXOHSSA
4D0G,P61106,GTP,XKMLYUALXHKNFT-UUOKFMHZSA
2GIV,Q9H7Z6,ACO,ZSLZBFCDCINBPY-ZSJPKINUSA
4H6U,Q6PH17,ACO,ZSLZBFCDCINBPY-ZSJPKINUSA
4LJ3,P21514,C2E,PKFDLKSEZWEFGL-MHARETSRSA
5WJD,Q59DX8,ACO,ZSLZBFCDCINBPY-ZSJPKINUSA
4DCM,P42596,SAM,MEFKEPWMEQBLKI-FCKMPRQPSA
3RYO,P9WFK7,ACO,ZSLZBFCDCINBPY-ZSJPKINUSA
1O7G,P0A110,NPY,UFWIBTONFRDIAS-UHFFFAOYSA
1ZMC,P09622,NAD,BAWFJGJZGIEFAR-NNYOXOHSSA
4EUF,Q97LU2,NAD,BAWFJGJZGIEFAR-NNYOXOHSSA
4OE4,P07275,NAD,BAWFJGJZGIEFAR-NNYOXOHSSA
4YR9,Q8K3F7,NAD,BAWFJGJZGIEFAR-NNYOXOHSSA
3PYM,P00359,NAD,BAWFJGJZGIEFAR-NNYOXOHSSA
1S5O,P43155,152,PHIQHXFUZVPYII-ZCFIWIBFSA
3AV6,P13864,SAM,MEFKEPWMEQBLKI-FCKMPRQPSA
3TE4,Q94521,ACO,ZSLZBFCDCINBPY-ZSJPKINUSA
7CSA,Q9FVQ6,NDP,ACFIXJIJDZMPPO-NNYOXOHSSA
4XSV,Q99447,CTP,PCDQPRRSZKQHHS-XVFCMESISA
1IWE,P28650,IMP,GRSZFWQUAKGDAV-KQYNXXCUSA
5WMI,Q9SIE1,AKG,KPGXRSRHYNQIFN-UHFFFAOYSA
2HIM,P0A962,ASN,DCXYFEDJOCDNAF-REOHCLBHSA
8RP0,P05041,ISJ,WTFXTQVDAKGDEY-HTQZYQBOSA
2JFN,P22634,GLU,WHUUTDBJXJRKMK-VKHMYHEASA
4LIT,P27431,AKG,KPGXRSRHYNQIFN-UHFFFAOYSA
3O07,Q03148,G3H,LXJXRIRHZLFYRP-VKHMYHEASA
4CTS,P00889,OAA,KHPXUQMNIQBQEV-UHFFFAOYSA
8CJ5,Q9MAH0,PO4,NBIIXXVUZAFLBC-UHFFFAOYSA
5YL6,Q9UT12,AKG,KPGXRSRHYNQIFN-UHFFFAOYSA
6NIE,G8XHD5,AKG,KPGXRSRHYNQIFN-UHFFFAOYSA
6NIE,G8XHD5,LYS,KDXKERNSBIXSRK-YFKPBYRVSA
3KV6,Q6ZMT4,AKG,KPGXRSRHYNQIFN-UHFFFAOYSA
3O2G,O75936,NM2,JHPNVNIEXXLNTR-UHFFFAOYSA
6CZZ,Q96255,SEP,BZQFBWGGLXLEPQ-REOHCLBHSA
3HWW,P17109,AKG,KPGXRSRHYNQIFN-UHFFFAOYSA
2YU1,Q9Y2K7,AKG,KPGXRSRHYNQIFN-UHFFFAOYSA
3KT7,P40032,AKG,KPGXRSRHYNQIFN-UHFFFAOYSA
3K3O,Q9UPP1,AKG,KPGXRSRHYNQIFN-UHFFFAOYSA
7EKD,Q9FU53,AKG,KPGXRSRHYNQIFN-UHFFFAOYSA
6EUR,J3BZS6,AKG,KPGXRSRHYNQIFN-UHFFFAOYSA
6F2B,C7QJ42,AKG,KPGXRSRHYNQIFN-UHFFFAOYSA
2R2N,Q8N5Z0,KYN,YGPSJZOEDVAXAB-QMMMGPOBSA
1H2L,Q9NWT6,AKG,KPGXRSRHYNQIFN-UHFFFAOYSA
3BWN,Q9S7N2,PHE,COLNVLDHVKWLRT-QMMMGPOBSA
2GP5,O75164,AKG,KPGXRSRHYNQIFN-UHFFFAOYSA
4NRO,Q6P6C2,AKG,KPGXRSRHYNQIFN-UHFFFAOYSA
3E2Z,Q71RI9,KYN,YGPSJZOEDVAXAB-QMMMGPOBSA
8URP,P17898,CDC,RZZPDXZPRHQOCG-OJAKKHQRSA
5U6M,O22822,SAL,YGSDEFSMJLZEOE-UHFFFAOYSA
5GL5,Q06321,UPG,HSCJRCZFDFQWRP-JZMIEXBBSA
1EK6,Q14376,UPG,HSCJRCZFDFQWRP-JZMIEXBBSA
3RMW,P46976,UPG,HSCJRCZFDFQWRP-JZMIEXBBSA
1LL2,P13280,UPG,HSCJRCZFDFQWRP-JZMIEXBBSA
1Z45,P04397,UPG,HSCJRCZFDFQWRP-JZMIEXBBSA
6H0P,Q9ZUY6,UGA,HDYANYHVCAPMJV-LXQIFKJMSA
1FOA,P27115,UD1,LFTYTUAZOPRMMI-CFRASDGPSA
7SJ2,Q5RGJ8,UD1,LFTYTUAZOPRMMI-CFRASDGPSA
1KWS,O94766,UGA,HDYANYHVCAPMJV-LXQIFKJMSA
2O0E,P9WPY5,PEP,DTBNBXWJWCWCIK-UHFFFAOYSA
2O0B,P9WPY5,S3P,QYOJSKGCWNAKGW-PBXRRBTRSA
2PRZ,P13298,OMP,KYOBSHFOBAOFBF-XVFCMESISA
6K0I,E8MF10,UPG,HSCJRCZFDFQWRP-JZMIEXBBSA
3HIY,C7AJA4,UTP,PGAVKCOVUIYSFO-XVFCMESISA
1RXC,P12758,PO4,NBIIXXVUZAFLBC-UHFFFAOYSA
1OMZ,Q9ES89,UD2,LFTYTUAZOPRMMI-NESSUJCYSA
3P0E,O95045,PO4,NBIIXXVUZAFLBC-UHFFFAOYSA
9H6K,Q00973,UD2,LFTYTUAZOPRMMI-NESSUJCYSA
1GSE,P08263,GSH,RWSXRVCMGQZWBV-WDSKDSINSA
1M0U,P41043,GSH,RWSXRVCMGQZWBV-WDSKDSINSA
3Q19,Q9H4Y5,GSH,RWSXRVCMGQZWBV-WDSKDSINSA
6EZY,O80852,GSH,RWSXRVCMGQZWBV-WDSKDSINSA
1EEM,P78417,GSH,RWSXRVCMGQZWBV-WDSKDSINSA
1JZR,P23202,GSH,RWSXRVCMGQZWBV-WDSKDSINSA
6SSU,Q99735,GSH,RWSXRVCMGQZWBV-WDSKDSINSA
4Q5F,P46436,GSH,RWSXRVCMGQZWBV-WDSKDSINSA
1XW5,P28161,GSH,RWSXRVCMGQZWBV-WDSKDSINSA
5ELG,Q9FWR4,GSH,RWSXRVCMGQZWBV-WDSKDSINSA
5O9W,D4N500,AKG,KPGXRSRHYNQIFN-UHFFFAOYSA
3TWB,B5R541,GCO,RGHNJXZEOKUKBD-SQOUGZDYSA
7ON9,C4TP09,PHB,FJKROLUGYXJWQN-UHFFFAOYSA
8RP0,P00903,ISJ,WTFXTQVDAKGDEY-HTQZYQBOSA
8QLL,Q9Z339,GSH,RWSXRVCMGQZWBV-WDSKDSINSA
5D9X,Q65XA0,GSH,RWSXRVCMGQZWBV-WDSKDSINSA
2R4V,O15247,GSH,RWSXRVCMGQZWBV-WDSKDSINSA
1H5R,P37744,G1P,HXXFSFRBOHSIMQ-VFUOTHLCSA
2ZPA,P76562,ACO,ZSLZBFCDCINBPY-ZSJPKINUSA
2P0W,O14929,ACO,ZSLZBFCDCINBPY-ZSJPKINUSA
4XNH,P12945,ACO,ZSLZBFCDCINBPY-ZSJPKINUSA
6IJN,Q8LPL7,6MZ,WETVNPRPZIYMAC-IOSLPCCCSA
9QYH,Q8IXQ6,NAD,BAWFJGJZGIEFAR-NNYOXOHSSA
5GNS,Q8IWA4,GTP,XKMLYUALXHKNFT-UUOKFMHZSA
1VGV,P27828,UD1,LFTYTUAZOPRMMI-CFRASDGPSA
6QVT,P15907,NCC,TXCIAUNLDRJGJZ-BILDWYJOSA
1NLM,P17443,UD1,LFTYTUAZOPRMMI-CFRASDGPSA
4MIX,C7BKP9,UD1,LFTYTUAZOPRMMI-CFRASDGPSA
9BGF,Q3T906,UD1,LFTYTUAZOPRMMI-CFRASDGPSA
7SJ2,Q54MP1,UD1,LFTYTUAZOPRMMI-CFRASDGPSA
4DI8,O87170,0GZ,VRMXCPVFSJVVCA-UHFFFAOYSA
4LW3,Q9VBZ9,GDU,HSCJRCZFDFQWRP-ABVWGUQPSA
8Q54,Q50774,COM,ZNEWHQLOPFWXOF-UHFFFAOYSA
1FR8,P08037,GDU,HSCJRCZFDFQWRP-ABVWGUQPSA
1UAE,P0A749,UD1,LFTYTUAZOPRMMI-CFRASDGPSA
4C6D,P27708,DOR,UFIVEPVSAGBUSI-REOHCLBHSA
6B5K,P9WH13,TTP,NHVNXKFIZYSCEB-XLPZGREQSA
2I22,P63224,I22,JDTUMPKOJBQPKX-GBNDHIKLSA
2ZI8,P9WNW7,SDT,YUHVBHDSVLKFNI-NJSLBKSFSA
2B3V,P21673,ACO,ZSLZBFCDCINBPY-ZSJPKINUSA
5J9W,P43572,ACO,ZSLZBFCDCINBPY-ZSJPKINUSA
2PTR,P0AB89,2SA,OFBHPPMPBOJXRT-VWJPMABRSA
8JB3,Q99312,IMP,GRSZFWQUAKGDAV-KQYNXXCUSA
5IL1,Q9HCE5,SAM,MEFKEPWMEQBLKI-FCKMPRQPSA
5UPD,Q9BZ95,SAM,MEFKEPWMEQBLKI-FCKMPRQPSA
5XUH,P24224,COA,RGJOEKWQDUBAIZ-IBOSZNHHSA
1P7T,P37330,ACO,ZSLZBFCDCINBPY-ZSJPKINUSA
1D8C,P37330,GLV,HHLFWLYXYJOTON-UHFFFAOYSA
3OYZ,D4GTL2,ACO,ZSLZBFCDCINBPY-ZSJPKINUSA
3OYX,D4GTL2,GLV,HHLFWLYXYJOTON-UHFFFAOYSA
1I12,P43577,ACO,ZSLZBFCDCINBPY-ZSJPKINUSA
1QPN,P9WJJ7,NCN,JOUIQRNQJGXQDC-ZYUZMQFOSA
1D0S,Q05603,DMD,LJUQGASMPRMWIW-UHFFFAOYSA
2H3D,Q99KQ4,NMN,DAYLJWODMCOQEW-TURQNECASA
2VDV,Q12009,SAM,MEFKEPWMEQBLKI-FCKMPRQPSA
8G38,P25519,GTP,XKMLYUALXHKNFT-UUOKFMHZSA
7CY5,A0A2K3D5Z7,ASC,CIWBSHSKHKDKBQ-JLAZNSOCSA
2GIL,P20340,GTP,XKMLYUALXHKNFT-UUOKFMHZSA
6UNX,P0A9A6,GTP,XKMLYUALXHKNFT-UUOKFMHZSA
3JCT,P40010,GTP,XKMLYUALXHKNFT-UUOKFMHZSA
4ARZ,P53290,GTP,XKMLYUALXHKNFT-UUOKFMHZSA
5XR7,P28185,GTP,XKMLYUALXHKNFT-UUOKFMHZSA
4NNJ,P22515,AMP,UDMBCSSLTHHNCD-KQYNXXCUSA
1M7P,Q07412,G3H,LXJXRIRHZLFYRP-VKHMYHEASA
2BKW,P43567,GLV,HHLFWLYXYJOTON-UHFFFAOYSA
1U1J,O50008,C2F,ZNOVTXRBGFNYRX-STQMWFEESA
3VP0,O94925,GLN,ZDXPYRJPNDTMRX-VKHMYHEASA
4M3P,Q93088,HCS,FFFHZYDWPBMWHY-VKHMYHEASA
2A9G,P13981,ARG,ODKSFYDXXFIFQN-BYPYZUCNSA
1XGE,P05020,DOR,UFIVEPVSAGBUSI-REOHCLBHSA
3V17,Q88RA3,AKG,KPGXRSRHYNQIFN-UHFFFAOYSA
5CG8,D2W6T1,AKG,KPGXRSRHYNQIFN-UHFFFAOYSA
3QZ1,P00191,3QZ,DBPWSSGDRRHUNT-CEGNMAFCSA
8Q54,Q59584,COM,ZNEWHQLOPFWXOF-UHFFFAOYSA
6S0S,Q6L732,AKG,KPGXRSRHYNQIFN-UHFFFAOYSA
6KU3,Q8S0S6,AKG,KPGXRSRHYNQIFN-UHFFFAOYSA
2RDN,Q82IZ1,AKG,KPGXRSRHYNQIFN-UHFFFAOYSA
1J8U,P00439,H4B,FNKQXYHWGSIFBK-RPDRRWSUSA
3TCY,P30967,PHE,COLNVLDHVKWLRT-QMMMGPOBSA
2VG2,P9WFF7,IPE,NUHSROFQTUXZQQ-UHFFFAOYSA
2VG3,P9WFF7,GPP,GVVPGTZRZFNKDS-JXMROGBWSA
1G7U,P0A715,PEP,DTBNBXWJWCWCIK-UHFFFAOYSA
9SSP,Q99707,THH,ZNOVTXRBGFNYRX-STQMWFEESA
1KIA,P13255,SAM,MEFKEPWMEQBLKI-FCKMPRQPSA
1EQB,P0A825,GLY,DHMQDGOQFOQNFH-UHFFFAOYSA
5JDW,P50440,GLY,DHMQDGOQFOQNFH-UHFFFAOYSA
4JDW,P50440,ARG,ODKSFYDXXFIFQN-BYPYZUCNSA
6M5W,P34896,GLY,DHMQDGOQFOQNFH-UHFFFAOYSA
2HUU,Q3LSM4,ALA,QNAYBMKLOCPYGJ-REOHCLBHSA
2HUI,Q3LSM4,GLV,HHLFWLYXYJOTON-UHFFFAOYSA
3OBZ,Q5SRE7,AKG,KPGXRSRHYNQIFN-UHFFFAOYSA
6LPP,Q8N465,2HG,HWXBTNAVRSUOJR-GSVOUGTGSA
4ADD,P77581,SUO,VWXQFHJBQHTHMK-LURJTMIESA
3KZM,Q8P8J2,CP,FFQKYPRQEYGKAF-UHFFFAOYSA
3KZN,Q8P8J2,AOR,JRLGPAXAGHMNOL-LURJTMIESA
1C9Y,P00480,CP,FFQKYPRQEYGKAF-UHFFFAOYSA
2FUE,Q92871,M1P,HXXFSFRBOHSIMQ-RWOPYEJCSA
5IDO,Q8WQX5,UTP,PGAVKCOVUIYSFO-XVFCMESISA
6J7K,Q9HZZ1,TRH,ZOSQFDVXNQFKBY-CGAXJHMRSA
3EUF,Q16831,PO4,NBIIXXVUZAFLBC-UHFFFAOYSA
1AIQ,P0A884,UMP,JSRLJPSBLDHEIO-SHYZEUOFSA
7DC9,Q94BU8,GMP,NYHBQMYGNKIUIF-UUOKFMHZSA
5Z4M,Q9VI58,UTP,PGAVKCOVUIYSFO-XVFCMESISA
5WU2,Q9H6E5,UTP,PGAVKCOVUIYSFO-XVFCMESISA
4E80,O13833,UTP,PGAVKCOVUIYSFO-XVFCMESISA
2B51,Q86MV5,UTP,PGAVKCOVUIYSFO-XVFCMESISA
9E1T,O95461,UGA,HDYANYHVCAPMJV-LXQIFKJMSA
3K8D,P04951,CTP,PCDQPRRSZKQHHS-XVFCMESISA
3K8D,P04951,KDO,NNLZBVFSCVTSLA-HXUQBWEZSA
1U7W,P0ABQ0,CTP,PCDQPRRSZKQHHS-XVFCMESISA
1I52,Q46893,CTP,PCDQPRRSZKQHHS-XVFCMESISA
4BET,Q5ZXN6,CDC,RZZPDXZPRHQOCG-OJAKKHQRSA
2X5W,P9WPP1,K2B,NYOXRYYXRWJDKP-GYKMGIIDSA
1N6A,Q8WTS6,SAM,MEFKEPWMEQBLKI-FCKMPRQPSA
3UJ6,Q8IDQ9,SAM,MEFKEPWMEQBLKI-FCKMPRQPSA
3UJA,Q8IDQ9,OPE,SUHOOTKUPISOBE-UHFFFAOYSA
3SMT,Q86TU7,SAM,MEFKEPWMEQBLKI-FCKMPRQPSA
9BW7,Q9UKK3,NAD,BAWFJGJZGIEFAR-NNYOXOHSSA
1NW3,Q8TEK3,SAM,MEFKEPWMEQBLKI-FCKMPRQPSA
8Q54,P80185,COM,ZNEWHQLOPFWXOF-UHFFFAOYSA
8Q54,Q50773,COM,ZNEWHQLOPFWXOF-UHFFFAOYSA
8Q54,P80183,COM,ZNEWHQLOPFWXOF-UHFFFAOYSA
1ZP4,P0AEZ1,C2F,ZNOVTXRBGFNYRX-STQMWFEESA
2DKH,Q6SSJ6,3HB,IJFXRHURBJZNAO-UHFFFAOYSA
2C59,Q93VR3,GDD,MVMSCBBUIHUTGJ-GDJBGNAASA
1RUS,P04718,3PG,OSJPPGNTCRNQQC-UWTATZPHSA
1L5W,P00490,PO4,NBIIXXVUZAFLBC-UHFFFAOYSA
2XWN,P9WKG9,CTP,PCDQPRRSZKQHHS-XVFCMESISA
1P60,P27707,DCZ,CKTSBUTUHBMZGZ-SHYZEUOFSA
7Q05,Q3C1D5,UB7,KKEYFWRCBNTPAC-UHFFFAOYSA
1GGF,P21179,PEO,MHAJPDPJQMAIIY-UHFFFAOYSA
4ADL,P9WN93,LMR,BJEPYKJPYRNKOW-REOHCLBHSA
1C96,P20004,FLC,KRKNYBCHXYNGOX-UHFFFAOYSA
5L2R,E9AE57,LMR,BJEPYKJPYRNKOW-REOHCLBHSA
6HNV,A0A1D8PMC5,UN1,OYIFNHCXNCRBQI-BYPYZUCNSA
2HXU,Q8P3K2,LFC,NBFWIISVIFCMDK-RSJOWCBRSA
7E37,A0A0N9HQ36,AKG,KPGXRSRHYNQIFN-UHFFFAOYSA
2ZRY,P61615,IPE,NUHSROFQTUXZQQ-UHFFFAOYSA
2VG0,P9WFF5,GPP,GVVPGTZRZFNKDS-JXMROGBWSA
2E8T,Q12051,IPE,NUHSROFQTUXZQQ-UHFFFAOYSA
1RQJ,P22939,IPE,NUHSROFQTUXZQQ-UHFFFAOYSA
7Y47,G9MAN7,GRG,OINNEUNVOZHBOX-QIRCYJPOSA
1JCQ,P49354,FPP,VWFJDQUYCIWHTN-YFVJMOTDSA
1JCQ,P49356,FPP,VWFJDQUYCIWHTN-YFVJMOTDSA
3DRA,Q9Y765,GRG,OINNEUNVOZHBOX-QIRCYJPOSA
1FPP,Q02293,FPP,VWFJDQUYCIWHTN-YFVJMOTDSA
2I6U,P9WIT9,CP,FFQKYPRQEYGKAF-UHFFFAOYSA
1IXN,P0A794,DXP,AJPADPZSRRUGHI-RFZPGFLSSA
3KRC,Q9SBR3,IPE,NUHSROFQTUXZQQ-UHFFFAOYSA
1DLT,P07773,CAQ,YCIMNLLNPGFGHC-UHFFFAOYSA
7CN3,Q88FY1,G6C,CHGPEDOMXOLANF-UHFFFAOYSA
1G2O,P9WP01,PO4,NBIIXXVUZAFLBC-UHFFFAOYSA
1RR6,P00491,PO4,NBIIXXVUZAFLBC-UHFFFAOYSA
6L47,P35610,CLR,HVYWMOMLDIMFJA-DPAQBDIFSA
1CML,P30074,MLC,LTYOQGRJFJAKNA-DVVLENMVSA
5A60,P30871,3PO,UNXRWKVEANCORM-UHFFFAOYSA
3KDZ,Q8GMG0,TYR,OUYCCCASQSFEME-QMMMGPOBSA
4GME,Q9AAR4,CS2,RGHNJXZEOKUKBD-MBMOQRBOSA
2QJM,A4XF23,CS2,RGHNJXZEOKUKBD-MBMOQRBOSA
3P93,Q1QT89,CS2,RGHNJXZEOKUKBD-MBMOQRBOSA
2DW6,Q89FH0,TAR,FEWJPZIEWOKRBE-LWMBPPNESA
3M7W,P58687,DQA,WVMWZWGZRAXUBK-SYTVJDICSA
4LK3,Q8NBZ7,UGA,HDYANYHVCAPMJV-LXQIFKJMSA
5WXI,E6MVV9,TRH,ZOSQFDVXNQFKBY-CGAXJHMRSA
4RPG,P9WIQ1,GDU,HSCJRCZFDFQWRP-ABVWGUQPSA
3O61,P37128,GDD,MVMSCBBUIHUTGJ-GDJBGNAASA
2ESF,P61517,BCT,BVKZGUZCCUSVTD-UHFFFAOYSA
2A8D,P45148,BCT,BVKZGUZCCUSVTD-UHFFFAOYSA
1QRE,P40881,BCT,BVKZGUZCCUSVTD-UHFFFAOYSA
2R8T,P0A9C9,FBP,RNBGYGVWRKECFJ-ARQDHWQXSA
1K9S,P0ABP8,PO4,NBIIXXVUZAFLBC-UHFFFAOYSA
1BF3,P00438,PHB,FJKROLUGYXJWQN-UHFFFAOYSA
1G6S,P0A6D3,S3P,QYOJSKGCWNAKGW-PBXRRBTRSA
2B7O,O53512,PEP,DTBNBXWJWCWCIK-UHFFFAOYSA
6IE2,Q13686,AKG,KPGXRSRHYNQIFN-UHFFFAOYSA
6BFY,P0A6P9,2PG,GXIURPTVHJPJLF-UWTATZPHSA
1KFL,P0AB91,PEP,DTBNBXWJWCWCIK-UHFFFAOYSA
7VRD,P30575,2PG,GXIURPTVHJPJLF-UWTATZPHSA
2Q8M,P0A993,FBP,RNBGYGVWRKECFJ-ARQDHWQXSA
4PXB,Q8VXY9,UGC,NWZYYCVIOKVTII-SFOWXEAESA
1IIM,P26393,TTP,NHVNXKFIZYSCEB-XLPZGREQSA
1HVY,P04818,UMP,JSRLJPSBLDHEIO-SHYZEUOFSA
3ZP7,P19080,ISJ,WTFXTQVDAKGDEY-HTQZYQBOSA
8W71,Q9S7H8,ISJ,WTFXTQVDAKGDEY-HTQZYQBOSA
6AI9,P40506,PAZ,XHFVGHPGDLDEQO-ZETCQYMHSA
6IG2,O74339,CTP,PCDQPRRSZKQHHS-XVFCMESISA
7LOL,P60651,AG2,QYPPJABKJHAVHS-UHFFFAOYSA
6T0F,P9WPP3,K2B,NYOXRYYXRWJDKP-GYKMGIIDSA
2ZR8,O59791,SER,MTCFGRXMJLQNBG-REOHCLBHSA
1A9O,P55859,PO4,NBIIXXVUZAFLBC-UHFFFAOYSA
1RTS,P45352,UMP,JSRLJPSBLDHEIO-SHYZEUOFSA
3OPT,P39956,AKG,KPGXRSRHYNQIFN-UHFFFAOYSA
1AJ2,P0AC13,2PH,FCQGJGLSOWZZON-UHFFFAOYSA
1U0F,P06745,G6Q,VFRROHXSMXFLSN-SLPGGIOYSA
8GHD,P18054,ACD,YZXBAPSDXZZRGB-DOFZRALJSA
1FPP,Q04631,FPP,VWFJDQUYCIWHTN-YFVJMOTDSA
3UYJ,Q8N371,AKG,KPGXRSRHYNQIFN-UHFFFAOYSA
1GQW,P37610,AKG,KPGXRSRHYNQIFN-UHFFFAOYSA
1GQW,P37610,TAU,XOAAWQZATWQOTB-UHFFFAOYSA
2A1X,O14832,AKG,KPGXRSRHYNQIFN-UHFFFAOYSA
5TI9,P48775,TRP,QIVBCDIJIAJPQS-VIFPVBQESA
5KOD,O81829,IAC,SEOVTRFCIGRIMH-UHFFFAOYSA
2NW8,Q8PDA8,TRP,QIVBCDIJIAJPQS-VIFPVBQESA
3WEV,F2JXJ3,LYS,KDXKERNSBIXSRK-YFKPBYRVSA
5A64,Q8JZL3,V4E,IWLROWZYZPNOFC-UHFFFAOYSA
4DNJ,Q6N8N2,ANN,ZEYHEAKUIGZSGI-UHFFFAOYSA
3AL6,A2RUC4,AKG,KPGXRSRHYNQIFN-UHFFFAOYSA
3OVQ,Q96AT9,5RP,FNZLKVNUWIIPSJ-UHNVWZDZSA
3RP7,A6T923,URC,LEHOTFFKMJEONL-UHFFFAOYSA
3N9Y,P05108,CLR,HVYWMOMLDIMFJA-DPAQBDIFSA
1CVU,Q05769,ACD,YZXBAPSDXZZRGB-DOFZRALJSA
3V99,P09917,ACD,YZXBAPSDXZZRGB-DOFZRALJSA
1DIY,P05979,ACD,YZXBAPSDXZZRGB-DOFZRALJSA
2HJP,Q84G06,PPR,CHDDAVCOAOFSLD-UHFFFAOYSA
2VD6,P30566,2SA,OFBHPPMPBOJXRT-VWJPMABRSA
6HYJ,P78330,SEP,BZQFBWGGLXLEPQ-REOHCLBHSA
4E2S,Q8GXV5,UGY,VTFWFHCECSOPSX-SFOWXEAESA
1Z2L,P77425,1AL,NUCLJNSWZCHRKL-UHFFFAOYSA
3ZDS,Q88E47,OMD,IGMNYECMUMZDDF-UHFFFAOYSA
1N4P,P53610,GRG,OINNEUNVOZHBOX-QIRCYJPOSA
3PAO,Q9I6Y4,ADE,GFFGJBXGBJISGV-UHFFFAOYSA
3T6C,D4GJ14,GCO,RGHNJXZEOKUKBD-SQOUGZDYSA
7EIY,P19113,HIS,HNDVDQJCIGZPNO-YFKPBYRVSA
9KTI,P0ABR9,A1EG2,QZDSXQJWBGMRLU-UHFFFAOYSA
2VWH,Q977U7,BGC,WQZGKKKJIJFFOK-VFUOTHLCSA
8ZGC,Q8NBJ5,GDU,HSCJRCZFDFQWRP-ABVWGUQPSA
2V82,Q6BF16,KDP,OVPRPPOVAXRCED-NQXXGFSBSA
2CFT,Q96GD0,PLP,NGVDGCNFYWLIFO-UHFFFAOYSA
1YNI,P76216,SUG,UMOXFSXIFQOWTD-LURJTMIESA
