protein,nitriles,ZINC ID,activity,Enzyme_sequence,SMILES
1a1,4-Aminobenzonitrile,152697,0.0,TIVKAAAVQISPVLYSREGTVERVVKKIRELGEKGVQFATFPETVIPYYPYFSFVQTPLQILAGPEHLKLLDQSVTVPSPATDAIGQAARQAGMVVSIGVNERDGGTLYNTQLLFDADGALIQRRRKIKPTHYERMIWGEGDGSGLRAVDSQVGRIGQLACWEHNNPLARYAMMADGEQIHSAMYPGSMFGDPFAQKTEINIRQHALESGCFVVCSTAWLDADQQAQIMQDTGCAIGPISGGCLTAIVAPDGTFLGEPLTSGEGEVIADLDFKLIDKRKQTMDS,N#Cc1ccc(N)cc1
1a1,4-Nitrophenylacetonitrile,154682,0.0,TIVKAAAVQISPVLYSREGTVERVVKKIRELGEKGVQFATFPETVIPYYPYFSFVQTPLQILAGPEHLKLLDQSVTVPSPATDAIGQAARQAGMVVSIGVNERDGGTLYNTQLLFDADGALIQRRRKIKPTHYERMIWGEGDGSGLRAVDSQVGRIGQLACWEHNNPLARYAMMADGEQIHSAMYPGSMFGDPFAQKTEINIRQHALESGCFVVCSTAWLDADQQAQIMQDTGCAIGPISGGCLTAIVAPDGTFLGEPLTSGEGEVIADLDFKLIDKRKQTMDS,N#CCc1ccc([N+](=O)[O-])cc1
1a1,4-(Dimethylamino)benzonitrile,155390,2.824,TIVKAAAVQISPVLYSREGTVERVVKKIRELGEKGVQFATFPETVIPYYPYFSFVQTPLQILAGPEHLKLLDQSVTVPSPATDAIGQAARQAGMVVSIGVNERDGGTLYNTQLLFDADGALIQRRRKIKPTHYERMIWGEGDGSGLRAVDSQVGRIGQLACWEHNNPLARYAMMADGEQIHSAMYPGSMFGDPFAQKTEINIRQHALESGCFVVCSTAWLDADQQAQIMQDTGCAIGPISGGCLTAIVAPDGTFLGEPLTSGEGEVIADLDFKLIDKRKQTMDS,CN(C)c1ccc(C#N)cc1
1a1,4-Chlorobenzonitrile,157255,5.477,TIVKAAAVQISPVLYSREGTVERVVKKIRELGEKGVQFATFPETVIPYYPYFSFVQTPLQILAGPEHLKLLDQSVTVPSPATDAIGQAARQAGMVVSIGVNERDGGTLYNTQLLFDADGALIQRRRKIKPTHYERMIWGEGDGSGLRAVDSQVGRIGQLACWEHNNPLARYAMMADGEQIHSAMYPGSMFGDPFAQKTEINIRQHALESGCFVVCSTAWLDADQQAQIMQDTGCAIGPISGGCLTAIVAPDGTFLGEPLTSGEGEVIADLDFKLIDKRKQTMDS,N#Cc1ccc(Cl)cc1
1a1,"2,6-Dichlorobenzonitrile",157318,0.0,TIVKAAAVQISPVLYSREGTVERVVKKIRELGEKGVQFATFPETVIPYYPYFSFVQTPLQILAGPEHLKLLDQSVTVPSPATDAIGQAARQAGMVVSIGVNERDGGTLYNTQLLFDADGALIQRRRKIKPTHYERMIWGEGDGSGLRAVDSQVGRIGQLACWEHNNPLARYAMMADGEQIHSAMYPGSMFGDPFAQKTEINIRQHALESGCFVVCSTAWLDADQQAQIMQDTGCAIGPISGGCLTAIVAPDGTFLGEPLTSGEGEVIADLDFKLIDKRKQTMDS,N#Cc1c(Cl)cccc1Cl
1a1,2-Aminobenzonitrile,157544,0.0,TIVKAAAVQISPVLYSREGTVERVVKKIRELGEKGVQFATFPETVIPYYPYFSFVQTPLQILAGPEHLKLLDQSVTVPSPATDAIGQAARQAGMVVSIGVNERDGGTLYNTQLLFDADGALIQRRRKIKPTHYERMIWGEGDGSGLRAVDSQVGRIGQLACWEHNNPLARYAMMADGEQIHSAMYPGSMFGDPFAQKTEINIRQHALESGCFVVCSTAWLDADQQAQIMQDTGCAIGPISGGCLTAIVAPDGTFLGEPLTSGEGEVIADLDFKLIDKRKQTMDS,N#Cc1ccccc1N
1a1,4-Methoxybenzonitrile,159092,6.433,TIVKAAAVQISPVLYSREGTVERVVKKIRELGEKGVQFATFPETVIPYYPYFSFVQTPLQILAGPEHLKLLDQSVTVPSPATDAIGQAARQAGMVVSIGVNERDGGTLYNTQLLFDADGALIQRRRKIKPTHYERMIWGEGDGSGLRAVDSQVGRIGQLACWEHNNPLARYAMMADGEQIHSAMYPGSMFGDPFAQKTEINIRQHALESGCFVVCSTAWLDADQQAQIMQDTGCAIGPISGGCLTAIVAPDGTFLGEPLTSGEGEVIADLDFKLIDKRKQTMDS,COc1ccc(C#N)cc1
1a1,Cinnamonitrile,1675000,8.355,TIVKAAAVQISPVLYSREGTVERVVKKIRELGEKGVQFATFPETVIPYYPYFSFVQTPLQILAGPEHLKLLDQSVTVPSPATDAIGQAARQAGMVVSIGVNERDGGTLYNTQLLFDADGALIQRRRKIKPTHYERMIWGEGDGSGLRAVDSQVGRIGQLACWEHNNPLARYAMMADGEQIHSAMYPGSMFGDPFAQKTEINIRQHALESGCFVVCSTAWLDADQQAQIMQDTGCAIGPISGGCLTAIVAPDGTFLGEPLTSGEGEVIADLDFKLIDKRKQTMDS,N#C/C=C/c1ccccc1
1a1,3-Phenylpropionitrile,1747831,5.43,TIVKAAAVQISPVLYSREGTVERVVKKIRELGEKGVQFATFPETVIPYYPYFSFVQTPLQILAGPEHLKLLDQSVTVPSPATDAIGQAARQAGMVVSIGVNERDGGTLYNTQLLFDADGALIQRRRKIKPTHYERMIWGEGDGSGLRAVDSQVGRIGQLACWEHNNPLARYAMMADGEQIHSAMYPGSMFGDPFAQKTEINIRQHALESGCFVVCSTAWLDADQQAQIMQDTGCAIGPISGGCLTAIVAPDGTFLGEPLTSGEGEVIADLDFKLIDKRKQTMDS,N#CCCc1ccccc1
1a1,Cyclohexancarbonitrile,1758832,0.0,TIVKAAAVQISPVLYSREGTVERVVKKIRELGEKGVQFATFPETVIPYYPYFSFVQTPLQILAGPEHLKLLDQSVTVPSPATDAIGQAARQAGMVVSIGVNERDGGTLYNTQLLFDADGALIQRRRKIKPTHYERMIWGEGDGSGLRAVDSQVGRIGQLACWEHNNPLARYAMMADGEQIHSAMYPGSMFGDPFAQKTEINIRQHALESGCFVVCSTAWLDADQQAQIMQDTGCAIGPISGGCLTAIVAPDGTFLGEPLTSGEGEVIADLDFKLIDKRKQTMDS,N#CC1CCCCC1
1a1,2-Methylglutaronitrile,2037734,3.88,TIVKAAAVQISPVLYSREGTVERVVKKIRELGEKGVQFATFPETVIPYYPYFSFVQTPLQILAGPEHLKLLDQSVTVPSPATDAIGQAARQAGMVVSIGVNERDGGTLYNTQLLFDADGALIQRRRKIKPTHYERMIWGEGDGSGLRAVDSQVGRIGQLACWEHNNPLARYAMMADGEQIHSAMYPGSMFGDPFAQKTEINIRQHALESGCFVVCSTAWLDADQQAQIMQDTGCAIGPISGGCLTAIVAPDGTFLGEPLTSGEGEVIADLDFKLIDKRKQTMDS,C[C@@H](C#N)CCC#N
1a1,⍺-Methylbenzyl cyanide,2039218,0.0,TIVKAAAVQISPVLYSREGTVERVVKKIRELGEKGVQFATFPETVIPYYPYFSFVQTPLQILAGPEHLKLLDQSVTVPSPATDAIGQAARQAGMVVSIGVNERDGGTLYNTQLLFDADGALIQRRRKIKPTHYERMIWGEGDGSGLRAVDSQVGRIGQLACWEHNNPLARYAMMADGEQIHSAMYPGSMFGDPFAQKTEINIRQHALESGCFVVCSTAWLDADQQAQIMQDTGCAIGPISGGCLTAIVAPDGTFLGEPLTSGEGEVIADLDFKLIDKRKQTMDS,C[C@@H](C#N)c1ccccc1
1a1,Valeronitrile,2041071,0.0,TIVKAAAVQISPVLYSREGTVERVVKKIRELGEKGVQFATFPETVIPYYPYFSFVQTPLQILAGPEHLKLLDQSVTVPSPATDAIGQAARQAGMVVSIGVNERDGGTLYNTQLLFDADGALIQRRRKIKPTHYERMIWGEGDGSGLRAVDSQVGRIGQLACWEHNNPLARYAMMADGEQIHSAMYPGSMFGDPFAQKTEINIRQHALESGCFVVCSTAWLDADQQAQIMQDTGCAIGPISGGCLTAIVAPDGTFLGEPLTSGEGEVIADLDFKLIDKRKQTMDS,CCCCC#N
1a1,Isophthalonitrile,388279,0.0,TIVKAAAVQISPVLYSREGTVERVVKKIRELGEKGVQFATFPETVIPYYPYFSFVQTPLQILAGPEHLKLLDQSVTVPSPATDAIGQAARQAGMVVSIGVNERDGGTLYNTQLLFDADGALIQRRRKIKPTHYERMIWGEGDGSGLRAVDSQVGRIGQLACWEHNNPLARYAMMADGEQIHSAMYPGSMFGDPFAQKTEINIRQHALESGCFVVCSTAWLDADQQAQIMQDTGCAIGPISGGCLTAIVAPDGTFLGEPLTSGEGEVIADLDFKLIDKRKQTMDS,N#Cc1cccc(C#N)c1
1a1,4-Hydroxybenzonitrile,388759,0.082,TIVKAAAVQISPVLYSREGTVERVVKKIRELGEKGVQFATFPETVIPYYPYFSFVQTPLQILAGPEHLKLLDQSVTVPSPATDAIGQAARQAGMVVSIGVNERDGGTLYNTQLLFDADGALIQRRRKIKPTHYERMIWGEGDGSGLRAVDSQVGRIGQLACWEHNNPLARYAMMADGEQIHSAMYPGSMFGDPFAQKTEINIRQHALESGCFVVCSTAWLDADQQAQIMQDTGCAIGPISGGCLTAIVAPDGTFLGEPLTSGEGEVIADLDFKLIDKRKQTMDS,N#Cc1ccc(O)cc1
1a1,Propionitrile,6072456,0.0,TIVKAAAVQISPVLYSREGTVERVVKKIRELGEKGVQFATFPETVIPYYPYFSFVQTPLQILAGPEHLKLLDQSVTVPSPATDAIGQAARQAGMVVSIGVNERDGGTLYNTQLLFDADGALIQRRRKIKPTHYERMIWGEGDGSGLRAVDSQVGRIGQLACWEHNNPLARYAMMADGEQIHSAMYPGSMFGDPFAQKTEINIRQHALESGCFVVCSTAWLDADQQAQIMQDTGCAIGPISGGCLTAIVAPDGTFLGEPLTSGEGEVIADLDFKLIDKRKQTMDS,CCC#N
1a1,Benzoylacetonitrile,74119,0.196,TIVKAAAVQISPVLYSREGTVERVVKKIRELGEKGVQFATFPETVIPYYPYFSFVQTPLQILAGPEHLKLLDQSVTVPSPATDAIGQAARQAGMVVSIGVNERDGGTLYNTQLLFDADGALIQRRRKIKPTHYERMIWGEGDGSGLRAVDSQVGRIGQLACWEHNNPLARYAMMADGEQIHSAMYPGSMFGDPFAQKTEINIRQHALESGCFVVCSTAWLDADQQAQIMQDTGCAIGPISGGCLTAIVAPDGTFLGEPLTSGEGEVIADLDFKLIDKRKQTMDS,N#CCC(=O)c1ccccc1
1a1,Mandelonitrile,8100870,0.0,TIVKAAAVQISPVLYSREGTVERVVKKIRELGEKGVQFATFPETVIPYYPYFSFVQTPLQILAGPEHLKLLDQSVTVPSPATDAIGQAARQAGMVVSIGVNERDGGTLYNTQLLFDADGALIQRRRKIKPTHYERMIWGEGDGSGLRAVDSQVGRIGQLACWEHNNPLARYAMMADGEQIHSAMYPGSMFGDPFAQKTEINIRQHALESGCFVVCSTAWLDADQQAQIMQDTGCAIGPISGGCLTAIVAPDGTFLGEPLTSGEGEVIADLDFKLIDKRKQTMDS,N#C[C@H](O)c1ccccc1
1a1,Benzonitrile,899417,1.069,TIVKAAAVQISPVLYSREGTVERVVKKIRELGEKGVQFATFPETVIPYYPYFSFVQTPLQILAGPEHLKLLDQSVTVPSPATDAIGQAARQAGMVVSIGVNERDGGTLYNTQLLFDADGALIQRRRKIKPTHYERMIWGEGDGSGLRAVDSQVGRIGQLACWEHNNPLARYAMMADGEQIHSAMYPGSMFGDPFAQKTEINIRQHALESGCFVVCSTAWLDADQQAQIMQDTGCAIGPISGGCLTAIVAPDGTFLGEPLTSGEGEVIADLDFKLIDKRKQTMDS,N#Cc1ccccc1
1a1,Acrylonitrile,901212,0.0,TIVKAAAVQISPVLYSREGTVERVVKKIRELGEKGVQFATFPETVIPYYPYFSFVQTPLQILAGPEHLKLLDQSVTVPSPATDAIGQAARQAGMVVSIGVNERDGGTLYNTQLLFDADGALIQRRRKIKPTHYERMIWGEGDGSGLRAVDSQVGRIGQLACWEHNNPLARYAMMADGEQIHSAMYPGSMFGDPFAQKTEINIRQHALESGCFVVCSTAWLDADQQAQIMQDTGCAIGPISGGCLTAIVAPDGTFLGEPLTSGEGEVIADLDFKLIDKRKQTMDS,C=CC#N
1a17,4-Aminobenzonitrile,152697,0.0,STVRVAAVQISPVLYNREATVQKVVNKILELGKQGVQFATFPETIVPYYPYFSFIQAPYAMGKEHLRLLEQSVTVPSAATDAISEAAKEANMVVSIGVNERDGGTIYNTQLLFDADGTLIQRRRKLTPTYHERMIWGQGDASGLRATDSAVGRIGQLACWEHYNPLFRYALIADGEQIHSAMYPGSFLGALHGEQTEINVRQHALESASFVVVATGWLDADQQAQIAKDTGGPIGPISGGCFTAVIGPDGQLIGEALTSGEGEVIADIDLAQIDARKRLMDA,N#Cc1ccc(N)cc1
1a17,4-Nitrophenylacetonitrile,154682,3.861,STVRVAAVQISPVLYNREATVQKVVNKILELGKQGVQFATFPETIVPYYPYFSFIQAPYAMGKEHLRLLEQSVTVPSAATDAISEAAKEANMVVSIGVNERDGGTIYNTQLLFDADGTLIQRRRKLTPTYHERMIWGQGDASGLRATDSAVGRIGQLACWEHYNPLFRYALIADGEQIHSAMYPGSFLGALHGEQTEINVRQHALESASFVVVATGWLDADQQAQIAKDTGGPIGPISGGCFTAVIGPDGQLIGEALTSGEGEVIADIDLAQIDARKRLMDA,N#CCc1ccc([N+](=O)[O-])cc1
1a17,4-(Dimethylamino)benzonitrile,155390,2.44,STVRVAAVQISPVLYNREATVQKVVNKILELGKQGVQFATFPETIVPYYPYFSFIQAPYAMGKEHLRLLEQSVTVPSAATDAISEAAKEANMVVSIGVNERDGGTIYNTQLLFDADGTLIQRRRKLTPTYHERMIWGQGDASGLRATDSAVGRIGQLACWEHYNPLFRYALIADGEQIHSAMYPGSFLGALHGEQTEINVRQHALESASFVVVATGWLDADQQAQIAKDTGGPIGPISGGCFTAVIGPDGQLIGEALTSGEGEVIADIDLAQIDARKRLMDA,CN(C)c1ccc(C#N)cc1
1a17,4-Chlorobenzonitrile,157255,6.169,STVRVAAVQISPVLYNREATVQKVVNKILELGKQGVQFATFPETIVPYYPYFSFIQAPYAMGKEHLRLLEQSVTVPSAATDAISEAAKEANMVVSIGVNERDGGTIYNTQLLFDADGTLIQRRRKLTPTYHERMIWGQGDASGLRATDSAVGRIGQLACWEHYNPLFRYALIADGEQIHSAMYPGSFLGALHGEQTEINVRQHALESASFVVVATGWLDADQQAQIAKDTGGPIGPISGGCFTAVIGPDGQLIGEALTSGEGEVIADIDLAQIDARKRLMDA,N#Cc1ccc(Cl)cc1
1a17,"2,6-Dichlorobenzonitrile",157318,0.6,STVRVAAVQISPVLYNREATVQKVVNKILELGKQGVQFATFPETIVPYYPYFSFIQAPYAMGKEHLRLLEQSVTVPSAATDAISEAAKEANMVVSIGVNERDGGTIYNTQLLFDADGTLIQRRRKLTPTYHERMIWGQGDASGLRATDSAVGRIGQLACWEHYNPLFRYALIADGEQIHSAMYPGSFLGALHGEQTEINVRQHALESASFVVVATGWLDADQQAQIAKDTGGPIGPISGGCFTAVIGPDGQLIGEALTSGEGEVIADIDLAQIDARKRLMDA,N#Cc1c(Cl)cccc1Cl
1a17,2-Aminobenzonitrile,157544,0.0,STVRVAAVQISPVLYNREATVQKVVNKILELGKQGVQFATFPETIVPYYPYFSFIQAPYAMGKEHLRLLEQSVTVPSAATDAISEAAKEANMVVSIGVNERDGGTIYNTQLLFDADGTLIQRRRKLTPTYHERMIWGQGDASGLRATDSAVGRIGQLACWEHYNPLFRYALIADGEQIHSAMYPGSFLGALHGEQTEINVRQHALESASFVVVATGWLDADQQAQIAKDTGGPIGPISGGCFTAVIGPDGQLIGEALTSGEGEVIADIDLAQIDARKRLMDA,N#Cc1ccccc1N
1a17,4-Methoxybenzonitrile,159092,6.962,STVRVAAVQISPVLYNREATVQKVVNKILELGKQGVQFATFPETIVPYYPYFSFIQAPYAMGKEHLRLLEQSVTVPSAATDAISEAAKEANMVVSIGVNERDGGTIYNTQLLFDADGTLIQRRRKLTPTYHERMIWGQGDASGLRATDSAVGRIGQLACWEHYNPLFRYALIADGEQIHSAMYPGSFLGALHGEQTEINVRQHALESASFVVVATGWLDADQQAQIAKDTGGPIGPISGGCFTAVIGPDGQLIGEALTSGEGEVIADIDLAQIDARKRLMDA,COc1ccc(C#N)cc1
1a17,Cinnamonitrile,1675000,8.984,STVRVAAVQISPVLYNREATVQKVVNKILELGKQGVQFATFPETIVPYYPYFSFIQAPYAMGKEHLRLLEQSVTVPSAATDAISEAAKEANMVVSIGVNERDGGTIYNTQLLFDADGTLIQRRRKLTPTYHERMIWGQGDASGLRATDSAVGRIGQLACWEHYNPLFRYALIADGEQIHSAMYPGSFLGALHGEQTEINVRQHALESASFVVVATGWLDADQQAQIAKDTGGPIGPISGGCFTAVIGPDGQLIGEALTSGEGEVIADIDLAQIDARKRLMDA,N#C/C=C/c1ccccc1
1a17,3-Phenylpropionitrile,1747831,6.469,STVRVAAVQISPVLYNREATVQKVVNKILELGKQGVQFATFPETIVPYYPYFSFIQAPYAMGKEHLRLLEQSVTVPSAATDAISEAAKEANMVVSIGVNERDGGTIYNTQLLFDADGTLIQRRRKLTPTYHERMIWGQGDASGLRATDSAVGRIGQLACWEHYNPLFRYALIADGEQIHSAMYPGSFLGALHGEQTEINVRQHALESASFVVVATGWLDADQQAQIAKDTGGPIGPISGGCFTAVIGPDGQLIGEALTSGEGEVIADIDLAQIDARKRLMDA,N#CCCc1ccccc1
1a17,Cyclohexancarbonitrile,1758832,0.0,STVRVAAVQISPVLYNREATVQKVVNKILELGKQGVQFATFPETIVPYYPYFSFIQAPYAMGKEHLRLLEQSVTVPSAATDAISEAAKEANMVVSIGVNERDGGTIYNTQLLFDADGTLIQRRRKLTPTYHERMIWGQGDASGLRATDSAVGRIGQLACWEHYNPLFRYALIADGEQIHSAMYPGSFLGALHGEQTEINVRQHALESASFVVVATGWLDADQQAQIAKDTGGPIGPISGGCFTAVIGPDGQLIGEALTSGEGEVIADIDLAQIDARKRLMDA,N#CC1CCCCC1
1a17,2-Methylglutaronitrile,2037734,12.595,STVRVAAVQISPVLYNREATVQKVVNKILELGKQGVQFATFPETIVPYYPYFSFIQAPYAMGKEHLRLLEQSVTVPSAATDAISEAAKEANMVVSIGVNERDGGTIYNTQLLFDADGTLIQRRRKLTPTYHERMIWGQGDASGLRATDSAVGRIGQLACWEHYNPLFRYALIADGEQIHSAMYPGSFLGALHGEQTEINVRQHALESASFVVVATGWLDADQQAQIAKDTGGPIGPISGGCFTAVIGPDGQLIGEALTSGEGEVIADIDLAQIDARKRLMDA,C[C@@H](C#N)CCC#N
1a17,⍺-Methylbenzyl cyanide,2039218,0.0,STVRVAAVQISPVLYNREATVQKVVNKILELGKQGVQFATFPETIVPYYPYFSFIQAPYAMGKEHLRLLEQSVTVPSAATDAISEAAKEANMVVSIGVNERDGGTIYNTQLLFDADGTLIQRRRKLTPTYHERMIWGQGDASGLRATDSAVGRIGQLACWEHYNPLFRYALIADGEQIHSAMYPGSFLGALHGEQTEINVRQHALESASFVVVATGWLDADQQAQIAKDTGGPIGPISGGCFTAVIGPDGQLIGEALTSGEGEVIADIDLAQIDARKRLMDA,C[C@@H](C#N)c1ccccc1
1a17,Valeronitrile,2041071,0.421,STVRVAAVQISPVLYNREATVQKVVNKILELGKQGVQFATFPETIVPYYPYFSFIQAPYAMGKEHLRLLEQSVTVPSAATDAISEAAKEANMVVSIGVNERDGGTIYNTQLLFDADGTLIQRRRKLTPTYHERMIWGQGDASGLRATDSAVGRIGQLACWEHYNPLFRYALIADGEQIHSAMYPGSFLGALHGEQTEINVRQHALESASFVVVATGWLDADQQAQIAKDTGGPIGPISGGCFTAVIGPDGQLIGEALTSGEGEVIADIDLAQIDARKRLMDA,CCCCC#N
1a17,Isophthalonitrile,388279,7.962,STVRVAAVQISPVLYNREATVQKVVNKILELGKQGVQFATFPETIVPYYPYFSFIQAPYAMGKEHLRLLEQSVTVPSAATDAISEAAKEANMVVSIGVNERDGGTIYNTQLLFDADGTLIQRRRKLTPTYHERMIWGQGDASGLRATDSAVGRIGQLACWEHYNPLFRYALIADGEQIHSAMYPGSFLGALHGEQTEINVRQHALESASFVVVATGWLDADQQAQIAKDTGGPIGPISGGCFTAVIGPDGQLIGEALTSGEGEVIADIDLAQIDARKRLMDA,N#Cc1cccc(C#N)c1
1a17,4-Hydroxybenzonitrile,388759,0.057,STVRVAAVQISPVLYNREATVQKVVNKILELGKQGVQFATFPETIVPYYPYFSFIQAPYAMGKEHLRLLEQSVTVPSAATDAISEAAKEANMVVSIGVNERDGGTIYNTQLLFDADGTLIQRRRKLTPTYHERMIWGQGDASGLRATDSAVGRIGQLACWEHYNPLFRYALIADGEQIHSAMYPGSFLGALHGEQTEINVRQHALESASFVVVATGWLDADQQAQIAKDTGGPIGPISGGCFTAVIGPDGQLIGEALTSGEGEVIADIDLAQIDARKRLMDA,N#Cc1ccc(O)cc1
1a17,Propionitrile,6072456,0.028,STVRVAAVQISPVLYNREATVQKVVNKILELGKQGVQFATFPETIVPYYPYFSFIQAPYAMGKEHLRLLEQSVTVPSAATDAISEAAKEANMVVSIGVNERDGGTIYNTQLLFDADGTLIQRRRKLTPTYHERMIWGQGDASGLRATDSAVGRIGQLACWEHYNPLFRYALIADGEQIHSAMYPGSFLGALHGEQTEINVRQHALESASFVVVATGWLDADQQAQIAKDTGGPIGPISGGCFTAVIGPDGQLIGEALTSGEGEVIADIDLAQIDARKRLMDA,CCC#N
1a17,Benzoylacetonitrile,74119,3.925,STVRVAAVQISPVLYNREATVQKVVNKILELGKQGVQFATFPETIVPYYPYFSFIQAPYAMGKEHLRLLEQSVTVPSAATDAISEAAKEANMVVSIGVNERDGGTIYNTQLLFDADGTLIQRRRKLTPTYHERMIWGQGDASGLRATDSAVGRIGQLACWEHYNPLFRYALIADGEQIHSAMYPGSFLGALHGEQTEINVRQHALESASFVVVATGWLDADQQAQIAKDTGGPIGPISGGCFTAVIGPDGQLIGEALTSGEGEVIADIDLAQIDARKRLMDA,N#CCC(=O)c1ccccc1
1a17,Mandelonitrile,8100870,0.994,STVRVAAVQISPVLYNREATVQKVVNKILELGKQGVQFATFPETIVPYYPYFSFIQAPYAMGKEHLRLLEQSVTVPSAATDAISEAAKEANMVVSIGVNERDGGTIYNTQLLFDADGTLIQRRRKLTPTYHERMIWGQGDASGLRATDSAVGRIGQLACWEHYNPLFRYALIADGEQIHSAMYPGSFLGALHGEQTEINVRQHALESASFVVVATGWLDADQQAQIAKDTGGPIGPISGGCFTAVIGPDGQLIGEALTSGEGEVIADIDLAQIDARKRLMDA,N#C[C@H](O)c1ccccc1
1a17,Benzonitrile,899417,1.93,STVRVAAVQISPVLYNREATVQKVVNKILELGKQGVQFATFPETIVPYYPYFSFIQAPYAMGKEHLRLLEQSVTVPSAATDAISEAAKEANMVVSIGVNERDGGTIYNTQLLFDADGTLIQRRRKLTPTYHERMIWGQGDASGLRATDSAVGRIGQLACWEHYNPLFRYALIADGEQIHSAMYPGSFLGALHGEQTEINVRQHALESASFVVVATGWLDADQQAQIAKDTGGPIGPISGGCFTAVIGPDGQLIGEALTSGEGEVIADIDLAQIDARKRLMDA,N#Cc1ccccc1
1a17,Acrylonitrile,901212,0.0,STVRVAAVQISPVLYNREATVQKVVNKILELGKQGVQFATFPETIVPYYPYFSFIQAPYAMGKEHLRLLEQSVTVPSAATDAISEAAKEANMVVSIGVNERDGGTIYNTQLLFDADGTLIQRRRKLTPTYHERMIWGQGDASGLRATDSAVGRIGQLACWEHYNPLFRYALIADGEQIHSAMYPGSFLGALHGEQTEINVRQHALESASFVVVATGWLDADQQAQIAKDTGGPIGPISGGCFTAVIGPDGQLIGEALTSGEGEVIADIDLAQIDARKRLMDA,C=CC#N
1a2,4-Aminobenzonitrile,152697,0.0,KVVKAAAVQLSPVLYSREGTVERVVRKIHELGRQGVQFATFPETVVPYYPYFSFVQTPLQIIAGPEHLKLLDQAVTVPSPATDAISEAARQAGVVVSIGVNERDGGTLYNTQLLFDADGALIQRRRKITPTHFERMIWGQGDGSGLRAVDSKVGRIGQLACWEHNNPLARYAMIADGEQIHSAMYPGSMFGDPFAQKTEINIRQHALESACFVVCATAWLDADQQAQICKDTGCDIGPISGGCFTAIVAPDGLLGEPIRSGEGMVIVDLDFTLIDKRKQVMDS,N#Cc1ccc(N)cc1
1a2,4-Nitrophenylacetonitrile,154682,0.0,KVVKAAAVQLSPVLYSREGTVERVVRKIHELGRQGVQFATFPETVVPYYPYFSFVQTPLQIIAGPEHLKLLDQAVTVPSPATDAISEAARQAGVVVSIGVNERDGGTLYNTQLLFDADGALIQRRRKITPTHFERMIWGQGDGSGLRAVDSKVGRIGQLACWEHNNPLARYAMIADGEQIHSAMYPGSMFGDPFAQKTEINIRQHALESACFVVCATAWLDADQQAQICKDTGCDIGPISGGCFTAIVAPDGLLGEPIRSGEGMVIVDLDFTLIDKRKQVMDS,N#CCc1ccc([N+](=O)[O-])cc1
1a2,4-(Dimethylamino)benzonitrile,155390,0.0,KVVKAAAVQLSPVLYSREGTVERVVRKIHELGRQGVQFATFPETVVPYYPYFSFVQTPLQIIAGPEHLKLLDQAVTVPSPATDAISEAARQAGVVVSIGVNERDGGTLYNTQLLFDADGALIQRRRKITPTHFERMIWGQGDGSGLRAVDSKVGRIGQLACWEHNNPLARYAMIADGEQIHSAMYPGSMFGDPFAQKTEINIRQHALESACFVVCATAWLDADQQAQICKDTGCDIGPISGGCFTAIVAPDGLLGEPIRSGEGMVIVDLDFTLIDKRKQVMDS,CN(C)c1ccc(C#N)cc1
1a2,4-Chlorobenzonitrile,157255,5.195,KVVKAAAVQLSPVLYSREGTVERVVRKIHELGRQGVQFATFPETVVPYYPYFSFVQTPLQIIAGPEHLKLLDQAVTVPSPATDAISEAARQAGVVVSIGVNERDGGTLYNTQLLFDADGALIQRRRKITPTHFERMIWGQGDGSGLRAVDSKVGRIGQLACWEHNNPLARYAMIADGEQIHSAMYPGSMFGDPFAQKTEINIRQHALESACFVVCATAWLDADQQAQICKDTGCDIGPISGGCFTAIVAPDGLLGEPIRSGEGMVIVDLDFTLIDKRKQVMDS,N#Cc1ccc(Cl)cc1
1a2,"2,6-Dichlorobenzonitrile",157318,0.0,KVVKAAAVQLSPVLYSREGTVERVVRKIHELGRQGVQFATFPETVVPYYPYFSFVQTPLQIIAGPEHLKLLDQAVTVPSPATDAISEAARQAGVVVSIGVNERDGGTLYNTQLLFDADGALIQRRRKITPTHFERMIWGQGDGSGLRAVDSKVGRIGQLACWEHNNPLARYAMIADGEQIHSAMYPGSMFGDPFAQKTEINIRQHALESACFVVCATAWLDADQQAQICKDTGCDIGPISGGCFTAIVAPDGLLGEPIRSGEGMVIVDLDFTLIDKRKQVMDS,N#Cc1c(Cl)cccc1Cl
1a2,2-Aminobenzonitrile,157544,0.0,KVVKAAAVQLSPVLYSREGTVERVVRKIHELGRQGVQFATFPETVVPYYPYFSFVQTPLQIIAGPEHLKLLDQAVTVPSPATDAISEAARQAGVVVSIGVNERDGGTLYNTQLLFDADGALIQRRRKITPTHFERMIWGQGDGSGLRAVDSKVGRIGQLACWEHNNPLARYAMIADGEQIHSAMYPGSMFGDPFAQKTEINIRQHALESACFVVCATAWLDADQQAQICKDTGCDIGPISGGCFTAIVAPDGLLGEPIRSGEGMVIVDLDFTLIDKRKQVMDS,N#Cc1ccccc1N
1a2,4-Methoxybenzonitrile,159092,5.506,KVVKAAAVQLSPVLYSREGTVERVVRKIHELGRQGVQFATFPETVVPYYPYFSFVQTPLQIIAGPEHLKLLDQAVTVPSPATDAISEAARQAGVVVSIGVNERDGGTLYNTQLLFDADGALIQRRRKITPTHFERMIWGQGDGSGLRAVDSKVGRIGQLACWEHNNPLARYAMIADGEQIHSAMYPGSMFGDPFAQKTEINIRQHALESACFVVCATAWLDADQQAQICKDTGCDIGPISGGCFTAIVAPDGLLGEPIRSGEGMVIVDLDFTLIDKRKQVMDS,COc1ccc(C#N)cc1
1a2,Cinnamonitrile,1675000,7.635,KVVKAAAVQLSPVLYSREGTVERVVRKIHELGRQGVQFATFPETVVPYYPYFSFVQTPLQIIAGPEHLKLLDQAVTVPSPATDAISEAARQAGVVVSIGVNERDGGTLYNTQLLFDADGALIQRRRKITPTHFERMIWGQGDGSGLRAVDSKVGRIGQLACWEHNNPLARYAMIADGEQIHSAMYPGSMFGDPFAQKTEINIRQHALESACFVVCATAWLDADQQAQICKDTGCDIGPISGGCFTAIVAPDGLLGEPIRSGEGMVIVDLDFTLIDKRKQVMDS,N#C/C=C/c1ccccc1
1a2,3-Phenylpropionitrile,1747831,7.156,KVVKAAAVQLSPVLYSREGTVERVVRKIHELGRQGVQFATFPETVVPYYPYFSFVQTPLQIIAGPEHLKLLDQAVTVPSPATDAISEAARQAGVVVSIGVNERDGGTLYNTQLLFDADGALIQRRRKITPTHFERMIWGQGDGSGLRAVDSKVGRIGQLACWEHNNPLARYAMIADGEQIHSAMYPGSMFGDPFAQKTEINIRQHALESACFVVCATAWLDADQQAQICKDTGCDIGPISGGCFTAIVAPDGLLGEPIRSGEGMVIVDLDFTLIDKRKQVMDS,N#CCCc1ccccc1
1a2,Cyclohexancarbonitrile,1758832,0.0,KVVKAAAVQLSPVLYSREGTVERVVRKIHELGRQGVQFATFPETVVPYYPYFSFVQTPLQIIAGPEHLKLLDQAVTVPSPATDAISEAARQAGVVVSIGVNERDGGTLYNTQLLFDADGALIQRRRKITPTHFERMIWGQGDGSGLRAVDSKVGRIGQLACWEHNNPLARYAMIADGEQIHSAMYPGSMFGDPFAQKTEINIRQHALESACFVVCATAWLDADQQAQICKDTGCDIGPISGGCFTAIVAPDGLLGEPIRSGEGMVIVDLDFTLIDKRKQVMDS,N#CC1CCCCC1
1a2,2-Methylglutaronitrile,2037734,0.892,KVVKAAAVQLSPVLYSREGTVERVVRKIHELGRQGVQFATFPETVVPYYPYFSFVQTPLQIIAGPEHLKLLDQAVTVPSPATDAISEAARQAGVVVSIGVNERDGGTLYNTQLLFDADGALIQRRRKITPTHFERMIWGQGDGSGLRAVDSKVGRIGQLACWEHNNPLARYAMIADGEQIHSAMYPGSMFGDPFAQKTEINIRQHALESACFVVCATAWLDADQQAQICKDTGCDIGPISGGCFTAIVAPDGLLGEPIRSGEGMVIVDLDFTLIDKRKQVMDS,C[C@@H](C#N)CCC#N
1a2,⍺-Methylbenzyl cyanide,2039218,0.0,KVVKAAAVQLSPVLYSREGTVERVVRKIHELGRQGVQFATFPETVVPYYPYFSFVQTPLQIIAGPEHLKLLDQAVTVPSPATDAISEAARQAGVVVSIGVNERDGGTLYNTQLLFDADGALIQRRRKITPTHFERMIWGQGDGSGLRAVDSKVGRIGQLACWEHNNPLARYAMIADGEQIHSAMYPGSMFGDPFAQKTEINIRQHALESACFVVCATAWLDADQQAQICKDTGCDIGPISGGCFTAIVAPDGLLGEPIRSGEGMVIVDLDFTLIDKRKQVMDS,C[C@@H](C#N)c1ccccc1
1a2,Valeronitrile,2041071,0.0,KVVKAAAVQLSPVLYSREGTVERVVRKIHELGRQGVQFATFPETVVPYYPYFSFVQTPLQIIAGPEHLKLLDQAVTVPSPATDAISEAARQAGVVVSIGVNERDGGTLYNTQLLFDADGALIQRRRKITPTHFERMIWGQGDGSGLRAVDSKVGRIGQLACWEHNNPLARYAMIADGEQIHSAMYPGSMFGDPFAQKTEINIRQHALESACFVVCATAWLDADQQAQICKDTGCDIGPISGGCFTAIVAPDGLLGEPIRSGEGMVIVDLDFTLIDKRKQVMDS,CCCCC#N
1a2,Isophthalonitrile,388279,0.0,KVVKAAAVQLSPVLYSREGTVERVVRKIHELGRQGVQFATFPETVVPYYPYFSFVQTPLQIIAGPEHLKLLDQAVTVPSPATDAISEAARQAGVVVSIGVNERDGGTLYNTQLLFDADGALIQRRRKITPTHFERMIWGQGDGSGLRAVDSKVGRIGQLACWEHNNPLARYAMIADGEQIHSAMYPGSMFGDPFAQKTEINIRQHALESACFVVCATAWLDADQQAQICKDTGCDIGPISGGCFTAIVAPDGLLGEPIRSGEGMVIVDLDFTLIDKRKQVMDS,N#Cc1cccc(C#N)c1
1a2,4-Hydroxybenzonitrile,388759,0.0,KVVKAAAVQLSPVLYSREGTVERVVRKIHELGRQGVQFATFPETVVPYYPYFSFVQTPLQIIAGPEHLKLLDQAVTVPSPATDAISEAARQAGVVVSIGVNERDGGTLYNTQLLFDADGALIQRRRKITPTHFERMIWGQGDGSGLRAVDSKVGRIGQLACWEHNNPLARYAMIADGEQIHSAMYPGSMFGDPFAQKTEINIRQHALESACFVVCATAWLDADQQAQICKDTGCDIGPISGGCFTAIVAPDGLLGEPIRSGEGMVIVDLDFTLIDKRKQVMDS,N#Cc1ccc(O)cc1
1a2,Propionitrile,6072456,0.031,KVVKAAAVQLSPVLYSREGTVERVVRKIHELGRQGVQFATFPETVVPYYPYFSFVQTPLQIIAGPEHLKLLDQAVTVPSPATDAISEAARQAGVVVSIGVNERDGGTLYNTQLLFDADGALIQRRRKITPTHFERMIWGQGDGSGLRAVDSKVGRIGQLACWEHNNPLARYAMIADGEQIHSAMYPGSMFGDPFAQKTEINIRQHALESACFVVCATAWLDADQQAQICKDTGCDIGPISGGCFTAIVAPDGLLGEPIRSGEGMVIVDLDFTLIDKRKQVMDS,CCC#N
1a2,Benzoylacetonitrile,74119,0.0,KVVKAAAVQLSPVLYSREGTVERVVRKIHELGRQGVQFATFPETVVPYYPYFSFVQTPLQIIAGPEHLKLLDQAVTVPSPATDAISEAARQAGVVVSIGVNERDGGTLYNTQLLFDADGALIQRRRKITPTHFERMIWGQGDGSGLRAVDSKVGRIGQLACWEHNNPLARYAMIADGEQIHSAMYPGSMFGDPFAQKTEINIRQHALESACFVVCATAWLDADQQAQICKDTGCDIGPISGGCFTAIVAPDGLLGEPIRSGEGMVIVDLDFTLIDKRKQVMDS,N#CCC(=O)c1ccccc1
1a2,Mandelonitrile,8100870,0.0,KVVKAAAVQLSPVLYSREGTVERVVRKIHELGRQGVQFATFPETVVPYYPYFSFVQTPLQIIAGPEHLKLLDQAVTVPSPATDAISEAARQAGVVVSIGVNERDGGTLYNTQLLFDADGALIQRRRKITPTHFERMIWGQGDGSGLRAVDSKVGRIGQLACWEHNNPLARYAMIADGEQIHSAMYPGSMFGDPFAQKTEINIRQHALESACFVVCATAWLDADQQAQICKDTGCDIGPISGGCFTAIVAPDGLLGEPIRSGEGMVIVDLDFTLIDKRKQVMDS,N#C[C@H](O)c1ccccc1
1a2,Benzonitrile,899417,0.0,KVVKAAAVQLSPVLYSREGTVERVVRKIHELGRQGVQFATFPETVVPYYPYFSFVQTPLQIIAGPEHLKLLDQAVTVPSPATDAISEAARQAGVVVSIGVNERDGGTLYNTQLLFDADGALIQRRRKITPTHFERMIWGQGDGSGLRAVDSKVGRIGQLACWEHNNPLARYAMIADGEQIHSAMYPGSMFGDPFAQKTEINIRQHALESACFVVCATAWLDADQQAQICKDTGCDIGPISGGCFTAIVAPDGLLGEPIRSGEGMVIVDLDFTLIDKRKQVMDS,N#Cc1ccccc1
1a2,Acrylonitrile,901212,0.123,KVVKAAAVQLSPVLYSREGTVERVVRKIHELGRQGVQFATFPETVVPYYPYFSFVQTPLQIIAGPEHLKLLDQAVTVPSPATDAISEAARQAGVVVSIGVNERDGGTLYNTQLLFDADGALIQRRRKITPTHFERMIWGQGDGSGLRAVDSKVGRIGQLACWEHNNPLARYAMIADGEQIHSAMYPGSMFGDPFAQKTEINIRQHALESACFVVCATAWLDADQQAQICKDTGCDIGPISGGCFTAIVAPDGLLGEPIRSGEGMVIVDLDFTLIDKRKQVMDS,C=CC#N
1a27,4-Aminobenzonitrile,152697,5.107,AIIRAAAVQISPVLYSREGTVDKVCQQIITLGKQGVQFAVFPETVVPYYPYFSFVQPAFAMGAQHLKLLDQSVTVPSAATLAIGEACKQAGMVVSIGVNERDGGTIYNAQLLFDADGTLIQHRRKITPTYHERMVWGQGDGSGLRAIDSAVGRIGSLACWEHYNPLARYALMADGEQIHAAMFPGSLVGDIFAEQIEVTIRHHALESGCFVVNATAWLDADQQGQIMQDTGCGLGPISGGCFTAIVSPEGKLLGEPLRSGEGVVIADLDTALIDKRKRMMDS,N#Cc1ccc(N)cc1
1a27,4-Nitrophenylacetonitrile,154682,0.0,AIIRAAAVQISPVLYSREGTVDKVCQQIITLGKQGVQFAVFPETVVPYYPYFSFVQPAFAMGAQHLKLLDQSVTVPSAATLAIGEACKQAGMVVSIGVNERDGGTIYNAQLLFDADGTLIQHRRKITPTYHERMVWGQGDGSGLRAIDSAVGRIGSLACWEHYNPLARYALMADGEQIHAAMFPGSLVGDIFAEQIEVTIRHHALESGCFVVNATAWLDADQQGQIMQDTGCGLGPISGGCFTAIVSPEGKLLGEPLRSGEGVVIADLDTALIDKRKRMMDS,N#CCc1ccc([N+](=O)[O-])cc1
1a27,4-(Dimethylamino)benzonitrile,155390,6.084,AIIRAAAVQISPVLYSREGTVDKVCQQIITLGKQGVQFAVFPETVVPYYPYFSFVQPAFAMGAQHLKLLDQSVTVPSAATLAIGEACKQAGMVVSIGVNERDGGTIYNAQLLFDADGTLIQHRRKITPTYHERMVWGQGDGSGLRAIDSAVGRIGSLACWEHYNPLARYALMADGEQIHAAMFPGSLVGDIFAEQIEVTIRHHALESGCFVVNATAWLDADQQGQIMQDTGCGLGPISGGCFTAIVSPEGKLLGEPLRSGEGVVIADLDTALIDKRKRMMDS,CN(C)c1ccc(C#N)cc1
1a27,4-Chlorobenzonitrile,157255,6.401,AIIRAAAVQISPVLYSREGTVDKVCQQIITLGKQGVQFAVFPETVVPYYPYFSFVQPAFAMGAQHLKLLDQSVTVPSAATLAIGEACKQAGMVVSIGVNERDGGTIYNAQLLFDADGTLIQHRRKITPTYHERMVWGQGDGSGLRAIDSAVGRIGSLACWEHYNPLARYALMADGEQIHAAMFPGSLVGDIFAEQIEVTIRHHALESGCFVVNATAWLDADQQGQIMQDTGCGLGPISGGCFTAIVSPEGKLLGEPLRSGEGVVIADLDTALIDKRKRMMDS,N#Cc1ccc(Cl)cc1
1a27,"2,6-Dichlorobenzonitrile",157318,0.0,AIIRAAAVQISPVLYSREGTVDKVCQQIITLGKQGVQFAVFPETVVPYYPYFSFVQPAFAMGAQHLKLLDQSVTVPSAATLAIGEACKQAGMVVSIGVNERDGGTIYNAQLLFDADGTLIQHRRKITPTYHERMVWGQGDGSGLRAIDSAVGRIGSLACWEHYNPLARYALMADGEQIHAAMFPGSLVGDIFAEQIEVTIRHHALESGCFVVNATAWLDADQQGQIMQDTGCGLGPISGGCFTAIVSPEGKLLGEPLRSGEGVVIADLDTALIDKRKRMMDS,N#Cc1c(Cl)cccc1Cl
1a27,2-Aminobenzonitrile,157544,0.0,AIIRAAAVQISPVLYSREGTVDKVCQQIITLGKQGVQFAVFPETVVPYYPYFSFVQPAFAMGAQHLKLLDQSVTVPSAATLAIGEACKQAGMVVSIGVNERDGGTIYNAQLLFDADGTLIQHRRKITPTYHERMVWGQGDGSGLRAIDSAVGRIGSLACWEHYNPLARYALMADGEQIHAAMFPGSLVGDIFAEQIEVTIRHHALESGCFVVNATAWLDADQQGQIMQDTGCGLGPISGGCFTAIVSPEGKLLGEPLRSGEGVVIADLDTALIDKRKRMMDS,N#Cc1ccccc1N
1a27,4-Methoxybenzonitrile,159092,6.984,AIIRAAAVQISPVLYSREGTVDKVCQQIITLGKQGVQFAVFPETVVPYYPYFSFVQPAFAMGAQHLKLLDQSVTVPSAATLAIGEACKQAGMVVSIGVNERDGGTIYNAQLLFDADGTLIQHRRKITPTYHERMVWGQGDGSGLRAIDSAVGRIGSLACWEHYNPLARYALMADGEQIHAAMFPGSLVGDIFAEQIEVTIRHHALESGCFVVNATAWLDADQQGQIMQDTGCGLGPISGGCFTAIVSPEGKLLGEPLRSGEGVVIADLDTALIDKRKRMMDS,COc1ccc(C#N)cc1
1a27,Cinnamonitrile,1675000,7.626,AIIRAAAVQISPVLYSREGTVDKVCQQIITLGKQGVQFAVFPETVVPYYPYFSFVQPAFAMGAQHLKLLDQSVTVPSAATLAIGEACKQAGMVVSIGVNERDGGTIYNAQLLFDADGTLIQHRRKITPTYHERMVWGQGDGSGLRAIDSAVGRIGSLACWEHYNPLARYALMADGEQIHAAMFPGSLVGDIFAEQIEVTIRHHALESGCFVVNATAWLDADQQGQIMQDTGCGLGPISGGCFTAIVSPEGKLLGEPLRSGEGVVIADLDTALIDKRKRMMDS,N#C/C=C/c1ccccc1
1a27,3-Phenylpropionitrile,1747831,6.878,AIIRAAAVQISPVLYSREGTVDKVCQQIITLGKQGVQFAVFPETVVPYYPYFSFVQPAFAMGAQHLKLLDQSVTVPSAATLAIGEACKQAGMVVSIGVNERDGGTIYNAQLLFDADGTLIQHRRKITPTYHERMVWGQGDGSGLRAIDSAVGRIGSLACWEHYNPLARYALMADGEQIHAAMFPGSLVGDIFAEQIEVTIRHHALESGCFVVNATAWLDADQQGQIMQDTGCGLGPISGGCFTAIVSPEGKLLGEPLRSGEGVVIADLDTALIDKRKRMMDS,N#CCCc1ccccc1
1a27,Cyclohexancarbonitrile,1758832,0.0,AIIRAAAVQISPVLYSREGTVDKVCQQIITLGKQGVQFAVFPETVVPYYPYFSFVQPAFAMGAQHLKLLDQSVTVPSAATLAIGEACKQAGMVVSIGVNERDGGTIYNAQLLFDADGTLIQHRRKITPTYHERMVWGQGDGSGLRAIDSAVGRIGSLACWEHYNPLARYALMADGEQIHAAMFPGSLVGDIFAEQIEVTIRHHALESGCFVVNATAWLDADQQGQIMQDTGCGLGPISGGCFTAIVSPEGKLLGEPLRSGEGVVIADLDTALIDKRKRMMDS,N#CC1CCCCC1
1a27,2-Methylglutaronitrile,2037734,12.35,AIIRAAAVQISPVLYSREGTVDKVCQQIITLGKQGVQFAVFPETVVPYYPYFSFVQPAFAMGAQHLKLLDQSVTVPSAATLAIGEACKQAGMVVSIGVNERDGGTIYNAQLLFDADGTLIQHRRKITPTYHERMVWGQGDGSGLRAIDSAVGRIGSLACWEHYNPLARYALMADGEQIHAAMFPGSLVGDIFAEQIEVTIRHHALESGCFVVNATAWLDADQQGQIMQDTGCGLGPISGGCFTAIVSPEGKLLGEPLRSGEGVVIADLDTALIDKRKRMMDS,C[C@@H](C#N)CCC#N
1a27,⍺-Methylbenzyl cyanide,2039218,0.0,AIIRAAAVQISPVLYSREGTVDKVCQQIITLGKQGVQFAVFPETVVPYYPYFSFVQPAFAMGAQHLKLLDQSVTVPSAATLAIGEACKQAGMVVSIGVNERDGGTIYNAQLLFDADGTLIQHRRKITPTYHERMVWGQGDGSGLRAIDSAVGRIGSLACWEHYNPLARYALMADGEQIHAAMFPGSLVGDIFAEQIEVTIRHHALESGCFVVNATAWLDADQQGQIMQDTGCGLGPISGGCFTAIVSPEGKLLGEPLRSGEGVVIADLDTALIDKRKRMMDS,C[C@@H](C#N)c1ccccc1
1a27,Valeronitrile,2041071,0.772,AIIRAAAVQISPVLYSREGTVDKVCQQIITLGKQGVQFAVFPETVVPYYPYFSFVQPAFAMGAQHLKLLDQSVTVPSAATLAIGEACKQAGMVVSIGVNERDGGTIYNAQLLFDADGTLIQHRRKITPTYHERMVWGQGDGSGLRAIDSAVGRIGSLACWEHYNPLARYALMADGEQIHAAMFPGSLVGDIFAEQIEVTIRHHALESGCFVVNATAWLDADQQGQIMQDTGCGLGPISGGCFTAIVSPEGKLLGEPLRSGEGVVIADLDTALIDKRKRMMDS,CCCCC#N
1a27,Isophthalonitrile,388279,8.011,AIIRAAAVQISPVLYSREGTVDKVCQQIITLGKQGVQFAVFPETVVPYYPYFSFVQPAFAMGAQHLKLLDQSVTVPSAATLAIGEACKQAGMVVSIGVNERDGGTIYNAQLLFDADGTLIQHRRKITPTYHERMVWGQGDGSGLRAIDSAVGRIGSLACWEHYNPLARYALMADGEQIHAAMFPGSLVGDIFAEQIEVTIRHHALESGCFVVNATAWLDADQQGQIMQDTGCGLGPISGGCFTAIVSPEGKLLGEPLRSGEGVVIADLDTALIDKRKRMMDS,N#Cc1cccc(C#N)c1
1a27,4-Hydroxybenzonitrile,388759,6.291,AIIRAAAVQISPVLYSREGTVDKVCQQIITLGKQGVQFAVFPETVVPYYPYFSFVQPAFAMGAQHLKLLDQSVTVPSAATLAIGEACKQAGMVVSIGVNERDGGTIYNAQLLFDADGTLIQHRRKITPTYHERMVWGQGDGSGLRAIDSAVGRIGSLACWEHYNPLARYALMADGEQIHAAMFPGSLVGDIFAEQIEVTIRHHALESGCFVVNATAWLDADQQGQIMQDTGCGLGPISGGCFTAIVSPEGKLLGEPLRSGEGVVIADLDTALIDKRKRMMDS,N#Cc1ccc(O)cc1
1a27,Propionitrile,6072456,0.0,AIIRAAAVQISPVLYSREGTVDKVCQQIITLGKQGVQFAVFPETVVPYYPYFSFVQPAFAMGAQHLKLLDQSVTVPSAATLAIGEACKQAGMVVSIGVNERDGGTIYNAQLLFDADGTLIQHRRKITPTYHERMVWGQGDGSGLRAIDSAVGRIGSLACWEHYNPLARYALMADGEQIHAAMFPGSLVGDIFAEQIEVTIRHHALESGCFVVNATAWLDADQQGQIMQDTGCGLGPISGGCFTAIVSPEGKLLGEPLRSGEGVVIADLDTALIDKRKRMMDS,CCC#N
1a27,Benzoylacetonitrile,74119,2.664,AIIRAAAVQISPVLYSREGTVDKVCQQIITLGKQGVQFAVFPETVVPYYPYFSFVQPAFAMGAQHLKLLDQSVTVPSAATLAIGEACKQAGMVVSIGVNERDGGTIYNAQLLFDADGTLIQHRRKITPTYHERMVWGQGDGSGLRAIDSAVGRIGSLACWEHYNPLARYALMADGEQIHAAMFPGSLVGDIFAEQIEVTIRHHALESGCFVVNATAWLDADQQGQIMQDTGCGLGPISGGCFTAIVSPEGKLLGEPLRSGEGVVIADLDTALIDKRKRMMDS,N#CCC(=O)c1ccccc1
1a27,Mandelonitrile,8100870,0.0,AIIRAAAVQISPVLYSREGTVDKVCQQIITLGKQGVQFAVFPETVVPYYPYFSFVQPAFAMGAQHLKLLDQSVTVPSAATLAIGEACKQAGMVVSIGVNERDGGTIYNAQLLFDADGTLIQHRRKITPTYHERMVWGQGDGSGLRAIDSAVGRIGSLACWEHYNPLARYALMADGEQIHAAMFPGSLVGDIFAEQIEVTIRHHALESGCFVVNATAWLDADQQGQIMQDTGCGLGPISGGCFTAIVSPEGKLLGEPLRSGEGVVIADLDTALIDKRKRMMDS,N#C[C@H](O)c1ccccc1
1a27,Benzonitrile,899417,0.357,AIIRAAAVQISPVLYSREGTVDKVCQQIITLGKQGVQFAVFPETVVPYYPYFSFVQPAFAMGAQHLKLLDQSVTVPSAATLAIGEACKQAGMVVSIGVNERDGGTIYNAQLLFDADGTLIQHRRKITPTYHERMVWGQGDGSGLRAIDSAVGRIGSLACWEHYNPLARYALMADGEQIHAAMFPGSLVGDIFAEQIEVTIRHHALESGCFVVNATAWLDADQQGQIMQDTGCGLGPISGGCFTAIVSPEGKLLGEPLRSGEGVVIADLDTALIDKRKRMMDS,N#Cc1ccccc1
1a27,Acrylonitrile,901212,0.0,AIIRAAAVQISPVLYSREGTVDKVCQQIITLGKQGVQFAVFPETVVPYYPYFSFVQPAFAMGAQHLKLLDQSVTVPSAATLAIGEACKQAGMVVSIGVNERDGGTIYNAQLLFDADGTLIQHRRKITPTYHERMVWGQGDGSGLRAIDSAVGRIGSLACWEHYNPLARYALMADGEQIHAAMFPGSLVGDIFAEQIEVTIRHHALESGCFVVNATAWLDADQQGQIMQDTGCGLGPISGGCFTAIVSPEGKLLGEPLRSGEGVVIADLDTALIDKRKRMMDS,C=CC#N
1a8,4-Aminobenzonitrile,152697,0.0,KVVKAAAVQISPVLYSREATVAKVVQKIHELGQKGVQFATFPETVVPYYPYFSAVQTGIELLSGTEHLRLLDQAVTVPSAATDAIGEAARKAGMVVSIGVNERDGGTLYNTQLLFDADGTLIQRRRKITPTHFERMIWGQGDGSGLRAVDSKVGRIGQLACFEHNNPLARYALIADGEQIHSAMYPGSAFGEGFAQRMEINIRQHALESGAFVVNATAWLDADQQAQIMKDTGCGIGPISGGCFTTIVSPDGMLAEPLRSGEGEVIVDLDFTLIDRRKMLMDS,N#Cc1ccc(N)cc1
1a8,4-Nitrophenylacetonitrile,154682,0.0,KVVKAAAVQISPVLYSREATVAKVVQKIHELGQKGVQFATFPETVVPYYPYFSAVQTGIELLSGTEHLRLLDQAVTVPSAATDAIGEAARKAGMVVSIGVNERDGGTLYNTQLLFDADGTLIQRRRKITPTHFERMIWGQGDGSGLRAVDSKVGRIGQLACFEHNNPLARYALIADGEQIHSAMYPGSAFGEGFAQRMEINIRQHALESGAFVVNATAWLDADQQAQIMKDTGCGIGPISGGCFTTIVSPDGMLAEPLRSGEGEVIVDLDFTLIDRRKMLMDS,N#CCc1ccc([N+](=O)[O-])cc1
1a8,4-(Dimethylamino)benzonitrile,155390,0.0,KVVKAAAVQISPVLYSREATVAKVVQKIHELGQKGVQFATFPETVVPYYPYFSAVQTGIELLSGTEHLRLLDQAVTVPSAATDAIGEAARKAGMVVSIGVNERDGGTLYNTQLLFDADGTLIQRRRKITPTHFERMIWGQGDGSGLRAVDSKVGRIGQLACFEHNNPLARYALIADGEQIHSAMYPGSAFGEGFAQRMEINIRQHALESGAFVVNATAWLDADQQAQIMKDTGCGIGPISGGCFTTIVSPDGMLAEPLRSGEGEVIVDLDFTLIDRRKMLMDS,CN(C)c1ccc(C#N)cc1
1a8,4-Chlorobenzonitrile,157255,2.611,KVVKAAAVQISPVLYSREATVAKVVQKIHELGQKGVQFATFPETVVPYYPYFSAVQTGIELLSGTEHLRLLDQAVTVPSAATDAIGEAARKAGMVVSIGVNERDGGTLYNTQLLFDADGTLIQRRRKITPTHFERMIWGQGDGSGLRAVDSKVGRIGQLACFEHNNPLARYALIADGEQIHSAMYPGSAFGEGFAQRMEINIRQHALESGAFVVNATAWLDADQQAQIMKDTGCGIGPISGGCFTTIVSPDGMLAEPLRSGEGEVIVDLDFTLIDRRKMLMDS,N#Cc1ccc(Cl)cc1
1a8,"2,6-Dichlorobenzonitrile",157318,0.0,KVVKAAAVQISPVLYSREATVAKVVQKIHELGQKGVQFATFPETVVPYYPYFSAVQTGIELLSGTEHLRLLDQAVTVPSAATDAIGEAARKAGMVVSIGVNERDGGTLYNTQLLFDADGTLIQRRRKITPTHFERMIWGQGDGSGLRAVDSKVGRIGQLACFEHNNPLARYALIADGEQIHSAMYPGSAFGEGFAQRMEINIRQHALESGAFVVNATAWLDADQQAQIMKDTGCGIGPISGGCFTTIVSPDGMLAEPLRSGEGEVIVDLDFTLIDRRKMLMDS,N#Cc1c(Cl)cccc1Cl
1a8,2-Aminobenzonitrile,157544,0.0,KVVKAAAVQISPVLYSREATVAKVVQKIHELGQKGVQFATFPETVVPYYPYFSAVQTGIELLSGTEHLRLLDQAVTVPSAATDAIGEAARKAGMVVSIGVNERDGGTLYNTQLLFDADGTLIQRRRKITPTHFERMIWGQGDGSGLRAVDSKVGRIGQLACFEHNNPLARYALIADGEQIHSAMYPGSAFGEGFAQRMEINIRQHALESGAFVVNATAWLDADQQAQIMKDTGCGIGPISGGCFTTIVSPDGMLAEPLRSGEGEVIVDLDFTLIDRRKMLMDS,N#Cc1ccccc1N
1a8,4-Methoxybenzonitrile,159092,1.148,KVVKAAAVQISPVLYSREATVAKVVQKIHELGQKGVQFATFPETVVPYYPYFSAVQTGIELLSGTEHLRLLDQAVTVPSAATDAIGEAARKAGMVVSIGVNERDGGTLYNTQLLFDADGTLIQRRRKITPTHFERMIWGQGDGSGLRAVDSKVGRIGQLACFEHNNPLARYALIADGEQIHSAMYPGSAFGEGFAQRMEINIRQHALESGAFVVNATAWLDADQQAQIMKDTGCGIGPISGGCFTTIVSPDGMLAEPLRSGEGEVIVDLDFTLIDRRKMLMDS,COc1ccc(C#N)cc1
1a8,Cinnamonitrile,1675000,2.312,KVVKAAAVQISPVLYSREATVAKVVQKIHELGQKGVQFATFPETVVPYYPYFSAVQTGIELLSGTEHLRLLDQAVTVPSAATDAIGEAARKAGMVVSIGVNERDGGTLYNTQLLFDADGTLIQRRRKITPTHFERMIWGQGDGSGLRAVDSKVGRIGQLACFEHNNPLARYALIADGEQIHSAMYPGSAFGEGFAQRMEINIRQHALESGAFVVNATAWLDADQQAQIMKDTGCGIGPISGGCFTTIVSPDGMLAEPLRSGEGEVIVDLDFTLIDRRKMLMDS,N#C/C=C/c1ccccc1
1a8,3-Phenylpropionitrile,1747831,0.549,KVVKAAAVQISPVLYSREATVAKVVQKIHELGQKGVQFATFPETVVPYYPYFSAVQTGIELLSGTEHLRLLDQAVTVPSAATDAIGEAARKAGMVVSIGVNERDGGTLYNTQLLFDADGTLIQRRRKITPTHFERMIWGQGDGSGLRAVDSKVGRIGQLACFEHNNPLARYALIADGEQIHSAMYPGSAFGEGFAQRMEINIRQHALESGAFVVNATAWLDADQQAQIMKDTGCGIGPISGGCFTTIVSPDGMLAEPLRSGEGEVIVDLDFTLIDRRKMLMDS,N#CCCc1ccccc1
1a8,Cyclohexancarbonitrile,1758832,0.222,KVVKAAAVQISPVLYSREATVAKVVQKIHELGQKGVQFATFPETVVPYYPYFSAVQTGIELLSGTEHLRLLDQAVTVPSAATDAIGEAARKAGMVVSIGVNERDGGTLYNTQLLFDADGTLIQRRRKITPTHFERMIWGQGDGSGLRAVDSKVGRIGQLACFEHNNPLARYALIADGEQIHSAMYPGSAFGEGFAQRMEINIRQHALESGAFVVNATAWLDADQQAQIMKDTGCGIGPISGGCFTTIVSPDGMLAEPLRSGEGEVIVDLDFTLIDRRKMLMDS,N#CC1CCCCC1
1a8,2-Methylglutaronitrile,2037734,0.168,KVVKAAAVQISPVLYSREATVAKVVQKIHELGQKGVQFATFPETVVPYYPYFSAVQTGIELLSGTEHLRLLDQAVTVPSAATDAIGEAARKAGMVVSIGVNERDGGTLYNTQLLFDADGTLIQRRRKITPTHFERMIWGQGDGSGLRAVDSKVGRIGQLACFEHNNPLARYALIADGEQIHSAMYPGSAFGEGFAQRMEINIRQHALESGAFVVNATAWLDADQQAQIMKDTGCGIGPISGGCFTTIVSPDGMLAEPLRSGEGEVIVDLDFTLIDRRKMLMDS,C[C@@H](C#N)CCC#N
1a8,⍺-Methylbenzyl cyanide,2039218,0.0,KVVKAAAVQISPVLYSREATVAKVVQKIHELGQKGVQFATFPETVVPYYPYFSAVQTGIELLSGTEHLRLLDQAVTVPSAATDAIGEAARKAGMVVSIGVNERDGGTLYNTQLLFDADGTLIQRRRKITPTHFERMIWGQGDGSGLRAVDSKVGRIGQLACFEHNNPLARYALIADGEQIHSAMYPGSAFGEGFAQRMEINIRQHALESGAFVVNATAWLDADQQAQIMKDTGCGIGPISGGCFTTIVSPDGMLAEPLRSGEGEVIVDLDFTLIDRRKMLMDS,C[C@@H](C#N)c1ccccc1
1a8,Valeronitrile,2041071,0.0,KVVKAAAVQISPVLYSREATVAKVVQKIHELGQKGVQFATFPETVVPYYPYFSAVQTGIELLSGTEHLRLLDQAVTVPSAATDAIGEAARKAGMVVSIGVNERDGGTLYNTQLLFDADGTLIQRRRKITPTHFERMIWGQGDGSGLRAVDSKVGRIGQLACFEHNNPLARYALIADGEQIHSAMYPGSAFGEGFAQRMEINIRQHALESGAFVVNATAWLDADQQAQIMKDTGCGIGPISGGCFTTIVSPDGMLAEPLRSGEGEVIVDLDFTLIDRRKMLMDS,CCCCC#N
1a8,Isophthalonitrile,388279,4.87,KVVKAAAVQISPVLYSREATVAKVVQKIHELGQKGVQFATFPETVVPYYPYFSAVQTGIELLSGTEHLRLLDQAVTVPSAATDAIGEAARKAGMVVSIGVNERDGGTLYNTQLLFDADGTLIQRRRKITPTHFERMIWGQGDGSGLRAVDSKVGRIGQLACFEHNNPLARYALIADGEQIHSAMYPGSAFGEGFAQRMEINIRQHALESGAFVVNATAWLDADQQAQIMKDTGCGIGPISGGCFTTIVSPDGMLAEPLRSGEGEVIVDLDFTLIDRRKMLMDS,N#Cc1cccc(C#N)c1
1a8,4-Hydroxybenzonitrile,388759,0.089,KVVKAAAVQISPVLYSREATVAKVVQKIHELGQKGVQFATFPETVVPYYPYFSAVQTGIELLSGTEHLRLLDQAVTVPSAATDAIGEAARKAGMVVSIGVNERDGGTLYNTQLLFDADGTLIQRRRKITPTHFERMIWGQGDGSGLRAVDSKVGRIGQLACFEHNNPLARYALIADGEQIHSAMYPGSAFGEGFAQRMEINIRQHALESGAFVVNATAWLDADQQAQIMKDTGCGIGPISGGCFTTIVSPDGMLAEPLRSGEGEVIVDLDFTLIDRRKMLMDS,N#Cc1ccc(O)cc1
1a8,Propionitrile,6072456,0.418,KVVKAAAVQISPVLYSREATVAKVVQKIHELGQKGVQFATFPETVVPYYPYFSAVQTGIELLSGTEHLRLLDQAVTVPSAATDAIGEAARKAGMVVSIGVNERDGGTLYNTQLLFDADGTLIQRRRKITPTHFERMIWGQGDGSGLRAVDSKVGRIGQLACFEHNNPLARYALIADGEQIHSAMYPGSAFGEGFAQRMEINIRQHALESGAFVVNATAWLDADQQAQIMKDTGCGIGPISGGCFTTIVSPDGMLAEPLRSGEGEVIVDLDFTLIDRRKMLMDS,CCC#N
1a8,Benzoylacetonitrile,74119,0.0,KVVKAAAVQISPVLYSREATVAKVVQKIHELGQKGVQFATFPETVVPYYPYFSAVQTGIELLSGTEHLRLLDQAVTVPSAATDAIGEAARKAGMVVSIGVNERDGGTLYNTQLLFDADGTLIQRRRKITPTHFERMIWGQGDGSGLRAVDSKVGRIGQLACFEHNNPLARYALIADGEQIHSAMYPGSAFGEGFAQRMEINIRQHALESGAFVVNATAWLDADQQAQIMKDTGCGIGPISGGCFTTIVSPDGMLAEPLRSGEGEVIVDLDFTLIDRRKMLMDS,N#CCC(=O)c1ccccc1
1a8,Mandelonitrile,8100870,0.0,KVVKAAAVQISPVLYSREATVAKVVQKIHELGQKGVQFATFPETVVPYYPYFSAVQTGIELLSGTEHLRLLDQAVTVPSAATDAIGEAARKAGMVVSIGVNERDGGTLYNTQLLFDADGTLIQRRRKITPTHFERMIWGQGDGSGLRAVDSKVGRIGQLACFEHNNPLARYALIADGEQIHSAMYPGSAFGEGFAQRMEINIRQHALESGAFVVNATAWLDADQQAQIMKDTGCGIGPISGGCFTTIVSPDGMLAEPLRSGEGEVIVDLDFTLIDRRKMLMDS,N#C[C@H](O)c1ccccc1
1a8,Benzonitrile,899417,0.0,KVVKAAAVQISPVLYSREATVAKVVQKIHELGQKGVQFATFPETVVPYYPYFSAVQTGIELLSGTEHLRLLDQAVTVPSAATDAIGEAARKAGMVVSIGVNERDGGTLYNTQLLFDADGTLIQRRRKITPTHFERMIWGQGDGSGLRAVDSKVGRIGQLACFEHNNPLARYALIADGEQIHSAMYPGSAFGEGFAQRMEINIRQHALESGAFVVNATAWLDADQQAQIMKDTGCGIGPISGGCFTTIVSPDGMLAEPLRSGEGEVIVDLDFTLIDRRKMLMDS,N#Cc1ccccc1
1a8,Acrylonitrile,901212,0.227,KVVKAAAVQISPVLYSREATVAKVVQKIHELGQKGVQFATFPETVVPYYPYFSAVQTGIELLSGTEHLRLLDQAVTVPSAATDAIGEAARKAGMVVSIGVNERDGGTLYNTQLLFDADGTLIQRRRKITPTHFERMIWGQGDGSGLRAVDSKVGRIGQLACFEHNNPLARYALIADGEQIHSAMYPGSAFGEGFAQRMEINIRQHALESGAFVVNATAWLDADQQAQIMKDTGCGIGPISGGCFTTIVSPDGMLAEPLRSGEGEVIVDLDFTLIDRRKMLMDS,C=CC#N
1b15,4-Aminobenzonitrile,152697,0.0,KTVRAAAVQIAPDLTSRAGTVERVLNAIAEASDKGAELIVFPETFVPWYPYFSFVLPPVQQGPEHLRLYEEAVTVPSAETRAVADAARKRNAVIVLGVNERDHGSLYNTQLIFDADGSLKLKRRKITPTYHERMIWGQGDGAGLKVVETAIGRMGALACWEHYNPLARYALMAQHEEIHASHFPGSLVGPIFGEQIEVTMRHHALESGCFVVNATGWLSEEQIASIHPDPSLQKGLRDGCMTCIITPEGRHVVPPLTSGEGILIGDLDMRLITKRKRMMDS,N#Cc1ccc(N)cc1
1b15,4-Nitrophenylacetonitrile,154682,0.0,KTVRAAAVQIAPDLTSRAGTVERVLNAIAEASDKGAELIVFPETFVPWYPYFSFVLPPVQQGPEHLRLYEEAVTVPSAETRAVADAARKRNAVIVLGVNERDHGSLYNTQLIFDADGSLKLKRRKITPTYHERMIWGQGDGAGLKVVETAIGRMGALACWEHYNPLARYALMAQHEEIHASHFPGSLVGPIFGEQIEVTMRHHALESGCFVVNATGWLSEEQIASIHPDPSLQKGLRDGCMTCIITPEGRHVVPPLTSGEGILIGDLDMRLITKRKRMMDS,N#CCc1ccc([N+](=O)[O-])cc1
1b15,4-(Dimethylamino)benzonitrile,155390,0.0,KTVRAAAVQIAPDLTSRAGTVERVLNAIAEASDKGAELIVFPETFVPWYPYFSFVLPPVQQGPEHLRLYEEAVTVPSAETRAVADAARKRNAVIVLGVNERDHGSLYNTQLIFDADGSLKLKRRKITPTYHERMIWGQGDGAGLKVVETAIGRMGALACWEHYNPLARYALMAQHEEIHASHFPGSLVGPIFGEQIEVTMRHHALESGCFVVNATGWLSEEQIASIHPDPSLQKGLRDGCMTCIITPEGRHVVPPLTSGEGILIGDLDMRLITKRKRMMDS,CN(C)c1ccc(C#N)cc1
1b15,4-Chlorobenzonitrile,157255,0.0,KTVRAAAVQIAPDLTSRAGTVERVLNAIAEASDKGAELIVFPETFVPWYPYFSFVLPPVQQGPEHLRLYEEAVTVPSAETRAVADAARKRNAVIVLGVNERDHGSLYNTQLIFDADGSLKLKRRKITPTYHERMIWGQGDGAGLKVVETAIGRMGALACWEHYNPLARYALMAQHEEIHASHFPGSLVGPIFGEQIEVTMRHHALESGCFVVNATGWLSEEQIASIHPDPSLQKGLRDGCMTCIITPEGRHVVPPLTSGEGILIGDLDMRLITKRKRMMDS,N#Cc1ccc(Cl)cc1
1b15,"2,6-Dichlorobenzonitrile",157318,0.0,KTVRAAAVQIAPDLTSRAGTVERVLNAIAEASDKGAELIVFPETFVPWYPYFSFVLPPVQQGPEHLRLYEEAVTVPSAETRAVADAARKRNAVIVLGVNERDHGSLYNTQLIFDADGSLKLKRRKITPTYHERMIWGQGDGAGLKVVETAIGRMGALACWEHYNPLARYALMAQHEEIHASHFPGSLVGPIFGEQIEVTMRHHALESGCFVVNATGWLSEEQIASIHPDPSLQKGLRDGCMTCIITPEGRHVVPPLTSGEGILIGDLDMRLITKRKRMMDS,N#Cc1c(Cl)cccc1Cl
1b15,2-Aminobenzonitrile,157544,0.0,KTVRAAAVQIAPDLTSRAGTVERVLNAIAEASDKGAELIVFPETFVPWYPYFSFVLPPVQQGPEHLRLYEEAVTVPSAETRAVADAARKRNAVIVLGVNERDHGSLYNTQLIFDADGSLKLKRRKITPTYHERMIWGQGDGAGLKVVETAIGRMGALACWEHYNPLARYALMAQHEEIHASHFPGSLVGPIFGEQIEVTMRHHALESGCFVVNATGWLSEEQIASIHPDPSLQKGLRDGCMTCIITPEGRHVVPPLTSGEGILIGDLDMRLITKRKRMMDS,N#Cc1ccccc1N
1b15,4-Methoxybenzonitrile,159092,0.0,KTVRAAAVQIAPDLTSRAGTVERVLNAIAEASDKGAELIVFPETFVPWYPYFSFVLPPVQQGPEHLRLYEEAVTVPSAETRAVADAARKRNAVIVLGVNERDHGSLYNTQLIFDADGSLKLKRRKITPTYHERMIWGQGDGAGLKVVETAIGRMGALACWEHYNPLARYALMAQHEEIHASHFPGSLVGPIFGEQIEVTMRHHALESGCFVVNATGWLSEEQIASIHPDPSLQKGLRDGCMTCIITPEGRHVVPPLTSGEGILIGDLDMRLITKRKRMMDS,COc1ccc(C#N)cc1
1b15,Cinnamonitrile,1675000,5.303,KTVRAAAVQIAPDLTSRAGTVERVLNAIAEASDKGAELIVFPETFVPWYPYFSFVLPPVQQGPEHLRLYEEAVTVPSAETRAVADAARKRNAVIVLGVNERDHGSLYNTQLIFDADGSLKLKRRKITPTYHERMIWGQGDGAGLKVVETAIGRMGALACWEHYNPLARYALMAQHEEIHASHFPGSLVGPIFGEQIEVTMRHHALESGCFVVNATGWLSEEQIASIHPDPSLQKGLRDGCMTCIITPEGRHVVPPLTSGEGILIGDLDMRLITKRKRMMDS,N#C/C=C/c1ccccc1
1b15,3-Phenylpropionitrile,1747831,3.049,KTVRAAAVQIAPDLTSRAGTVERVLNAIAEASDKGAELIVFPETFVPWYPYFSFVLPPVQQGPEHLRLYEEAVTVPSAETRAVADAARKRNAVIVLGVNERDHGSLYNTQLIFDADGSLKLKRRKITPTYHERMIWGQGDGAGLKVVETAIGRMGALACWEHYNPLARYALMAQHEEIHASHFPGSLVGPIFGEQIEVTMRHHALESGCFVVNATGWLSEEQIASIHPDPSLQKGLRDGCMTCIITPEGRHVVPPLTSGEGILIGDLDMRLITKRKRMMDS,N#CCCc1ccccc1
1b15,Cyclohexancarbonitrile,1758832,0.0,KTVRAAAVQIAPDLTSRAGTVERVLNAIAEASDKGAELIVFPETFVPWYPYFSFVLPPVQQGPEHLRLYEEAVTVPSAETRAVADAARKRNAVIVLGVNERDHGSLYNTQLIFDADGSLKLKRRKITPTYHERMIWGQGDGAGLKVVETAIGRMGALACWEHYNPLARYALMAQHEEIHASHFPGSLVGPIFGEQIEVTMRHHALESGCFVVNATGWLSEEQIASIHPDPSLQKGLRDGCMTCIITPEGRHVVPPLTSGEGILIGDLDMRLITKRKRMMDS,N#CC1CCCCC1
1b15,2-Methylglutaronitrile,2037734,0.0,KTVRAAAVQIAPDLTSRAGTVERVLNAIAEASDKGAELIVFPETFVPWYPYFSFVLPPVQQGPEHLRLYEEAVTVPSAETRAVADAARKRNAVIVLGVNERDHGSLYNTQLIFDADGSLKLKRRKITPTYHERMIWGQGDGAGLKVVETAIGRMGALACWEHYNPLARYALMAQHEEIHASHFPGSLVGPIFGEQIEVTMRHHALESGCFVVNATGWLSEEQIASIHPDPSLQKGLRDGCMTCIITPEGRHVVPPLTSGEGILIGDLDMRLITKRKRMMDS,C[C@@H](C#N)CCC#N
1b15,⍺-Methylbenzyl cyanide,2039218,0.0,KTVRAAAVQIAPDLTSRAGTVERVLNAIAEASDKGAELIVFPETFVPWYPYFSFVLPPVQQGPEHLRLYEEAVTVPSAETRAVADAARKRNAVIVLGVNERDHGSLYNTQLIFDADGSLKLKRRKITPTYHERMIWGQGDGAGLKVVETAIGRMGALACWEHYNPLARYALMAQHEEIHASHFPGSLVGPIFGEQIEVTMRHHALESGCFVVNATGWLSEEQIASIHPDPSLQKGLRDGCMTCIITPEGRHVVPPLTSGEGILIGDLDMRLITKRKRMMDS,C[C@@H](C#N)c1ccccc1
1b15,Valeronitrile,2041071,0.0,KTVRAAAVQIAPDLTSRAGTVERVLNAIAEASDKGAELIVFPETFVPWYPYFSFVLPPVQQGPEHLRLYEEAVTVPSAETRAVADAARKRNAVIVLGVNERDHGSLYNTQLIFDADGSLKLKRRKITPTYHERMIWGQGDGAGLKVVETAIGRMGALACWEHYNPLARYALMAQHEEIHASHFPGSLVGPIFGEQIEVTMRHHALESGCFVVNATGWLSEEQIASIHPDPSLQKGLRDGCMTCIITPEGRHVVPPLTSGEGILIGDLDMRLITKRKRMMDS,CCCCC#N
1b15,Isophthalonitrile,388279,0.0,KTVRAAAVQIAPDLTSRAGTVERVLNAIAEASDKGAELIVFPETFVPWYPYFSFVLPPVQQGPEHLRLYEEAVTVPSAETRAVADAARKRNAVIVLGVNERDHGSLYNTQLIFDADGSLKLKRRKITPTYHERMIWGQGDGAGLKVVETAIGRMGALACWEHYNPLARYALMAQHEEIHASHFPGSLVGPIFGEQIEVTMRHHALESGCFVVNATGWLSEEQIASIHPDPSLQKGLRDGCMTCIITPEGRHVVPPLTSGEGILIGDLDMRLITKRKRMMDS,N#Cc1cccc(C#N)c1
1b15,4-Hydroxybenzonitrile,388759,0.0,KTVRAAAVQIAPDLTSRAGTVERVLNAIAEASDKGAELIVFPETFVPWYPYFSFVLPPVQQGPEHLRLYEEAVTVPSAETRAVADAARKRNAVIVLGVNERDHGSLYNTQLIFDADGSLKLKRRKITPTYHERMIWGQGDGAGLKVVETAIGRMGALACWEHYNPLARYALMAQHEEIHASHFPGSLVGPIFGEQIEVTMRHHALESGCFVVNATGWLSEEQIASIHPDPSLQKGLRDGCMTCIITPEGRHVVPPLTSGEGILIGDLDMRLITKRKRMMDS,N#Cc1ccc(O)cc1
1b15,Propionitrile,6072456,0.0,KTVRAAAVQIAPDLTSRAGTVERVLNAIAEASDKGAELIVFPETFVPWYPYFSFVLPPVQQGPEHLRLYEEAVTVPSAETRAVADAARKRNAVIVLGVNERDHGSLYNTQLIFDADGSLKLKRRKITPTYHERMIWGQGDGAGLKVVETAIGRMGALACWEHYNPLARYALMAQHEEIHASHFPGSLVGPIFGEQIEVTMRHHALESGCFVVNATGWLSEEQIASIHPDPSLQKGLRDGCMTCIITPEGRHVVPPLTSGEGILIGDLDMRLITKRKRMMDS,CCC#N
1b15,Benzoylacetonitrile,74119,0.0,KTVRAAAVQIAPDLTSRAGTVERVLNAIAEASDKGAELIVFPETFVPWYPYFSFVLPPVQQGPEHLRLYEEAVTVPSAETRAVADAARKRNAVIVLGVNERDHGSLYNTQLIFDADGSLKLKRRKITPTYHERMIWGQGDGAGLKVVETAIGRMGALACWEHYNPLARYALMAQHEEIHASHFPGSLVGPIFGEQIEVTMRHHALESGCFVVNATGWLSEEQIASIHPDPSLQKGLRDGCMTCIITPEGRHVVPPLTSGEGILIGDLDMRLITKRKRMMDS,N#CCC(=O)c1ccccc1
1b15,Mandelonitrile,8100870,0.0,KTVRAAAVQIAPDLTSRAGTVERVLNAIAEASDKGAELIVFPETFVPWYPYFSFVLPPVQQGPEHLRLYEEAVTVPSAETRAVADAARKRNAVIVLGVNERDHGSLYNTQLIFDADGSLKLKRRKITPTYHERMIWGQGDGAGLKVVETAIGRMGALACWEHYNPLARYALMAQHEEIHASHFPGSLVGPIFGEQIEVTMRHHALESGCFVVNATGWLSEEQIASIHPDPSLQKGLRDGCMTCIITPEGRHVVPPLTSGEGILIGDLDMRLITKRKRMMDS,N#C[C@H](O)c1ccccc1
1b15,Benzonitrile,899417,0.0,KTVRAAAVQIAPDLTSRAGTVERVLNAIAEASDKGAELIVFPETFVPWYPYFSFVLPPVQQGPEHLRLYEEAVTVPSAETRAVADAARKRNAVIVLGVNERDHGSLYNTQLIFDADGSLKLKRRKITPTYHERMIWGQGDGAGLKVVETAIGRMGALACWEHYNPLARYALMAQHEEIHASHFPGSLVGPIFGEQIEVTMRHHALESGCFVVNATGWLSEEQIASIHPDPSLQKGLRDGCMTCIITPEGRHVVPPLTSGEGILIGDLDMRLITKRKRMMDS,N#Cc1ccccc1
1b15,Acrylonitrile,901212,0.0,KTVRAAAVQIAPDLTSRAGTVERVLNAIAEASDKGAELIVFPETFVPWYPYFSFVLPPVQQGPEHLRLYEEAVTVPSAETRAVADAARKRNAVIVLGVNERDHGSLYNTQLIFDADGSLKLKRRKITPTYHERMIWGQGDGAGLKVVETAIGRMGALACWEHYNPLARYALMAQHEEIHASHFPGSLVGPIFGEQIEVTMRHHALESGCFVVNATGWLSEEQIASIHPDPSLQKGLRDGCMTCIITPEGRHVVPPLTSGEGILIGDLDMRLITKRKRMMDS,C=CC#N
1b16,4-Aminobenzonitrile,152697,0.292,PTIRAAAIQLSPVLFSRDGTTEKVLQAIASAAKEGAQLVVFPETFIPYYPYFSFIQPPVLMGKEHMRLYEEAVTVPGPVTDAVSRAARSYGMVVVLGVNERDGGSIYNTQLIFDADGTLLLKRRKITPTYHERMVWGQGDGAGLKVLDTAVGKVGALACWEHYNPLARFALMAQHEQIHCAQFPGSLVGQIFTDQIEVTIRHHALESGCFVVNATGWLSPEQVAQITTDEKLQRVLSGGCNTAIIGPEGNHLCPPITDGEGIAIADLDFSLITKRKRMMDC,N#Cc1ccc(N)cc1
1b16,4-Nitrophenylacetonitrile,154682,0.0,PTIRAAAIQLSPVLFSRDGTTEKVLQAIASAAKEGAQLVVFPETFIPYYPYFSFIQPPVLMGKEHMRLYEEAVTVPGPVTDAVSRAARSYGMVVVLGVNERDGGSIYNTQLIFDADGTLLLKRRKITPTYHERMVWGQGDGAGLKVLDTAVGKVGALACWEHYNPLARFALMAQHEQIHCAQFPGSLVGQIFTDQIEVTIRHHALESGCFVVNATGWLSPEQVAQITTDEKLQRVLSGGCNTAIIGPEGNHLCPPITDGEGIAIADLDFSLITKRKRMMDC,N#CCc1ccc([N+](=O)[O-])cc1
1b16,4-(Dimethylamino)benzonitrile,155390,2.216,PTIRAAAIQLSPVLFSRDGTTEKVLQAIASAAKEGAQLVVFPETFIPYYPYFSFIQPPVLMGKEHMRLYEEAVTVPGPVTDAVSRAARSYGMVVVLGVNERDGGSIYNTQLIFDADGTLLLKRRKITPTYHERMVWGQGDGAGLKVLDTAVGKVGALACWEHYNPLARFALMAQHEQIHCAQFPGSLVGQIFTDQIEVTIRHHALESGCFVVNATGWLSPEQVAQITTDEKLQRVLSGGCNTAIIGPEGNHLCPPITDGEGIAIADLDFSLITKRKRMMDC,CN(C)c1ccc(C#N)cc1
1b16,4-Chlorobenzonitrile,157255,4.257,PTIRAAAIQLSPVLFSRDGTTEKVLQAIASAAKEGAQLVVFPETFIPYYPYFSFIQPPVLMGKEHMRLYEEAVTVPGPVTDAVSRAARSYGMVVVLGVNERDGGSIYNTQLIFDADGTLLLKRRKITPTYHERMVWGQGDGAGLKVLDTAVGKVGALACWEHYNPLARFALMAQHEQIHCAQFPGSLVGQIFTDQIEVTIRHHALESGCFVVNATGWLSPEQVAQITTDEKLQRVLSGGCNTAIIGPEGNHLCPPITDGEGIAIADLDFSLITKRKRMMDC,N#Cc1ccc(Cl)cc1
1b16,"2,6-Dichlorobenzonitrile",157318,0.0,PTIRAAAIQLSPVLFSRDGTTEKVLQAIASAAKEGAQLVVFPETFIPYYPYFSFIQPPVLMGKEHMRLYEEAVTVPGPVTDAVSRAARSYGMVVVLGVNERDGGSIYNTQLIFDADGTLLLKRRKITPTYHERMVWGQGDGAGLKVLDTAVGKVGALACWEHYNPLARFALMAQHEQIHCAQFPGSLVGQIFTDQIEVTIRHHALESGCFVVNATGWLSPEQVAQITTDEKLQRVLSGGCNTAIIGPEGNHLCPPITDGEGIAIADLDFSLITKRKRMMDC,N#Cc1c(Cl)cccc1Cl
1b16,2-Aminobenzonitrile,157544,0.0,PTIRAAAIQLSPVLFSRDGTTEKVLQAIASAAKEGAQLVVFPETFIPYYPYFSFIQPPVLMGKEHMRLYEEAVTVPGPVTDAVSRAARSYGMVVVLGVNERDGGSIYNTQLIFDADGTLLLKRRKITPTYHERMVWGQGDGAGLKVLDTAVGKVGALACWEHYNPLARFALMAQHEQIHCAQFPGSLVGQIFTDQIEVTIRHHALESGCFVVNATGWLSPEQVAQITTDEKLQRVLSGGCNTAIIGPEGNHLCPPITDGEGIAIADLDFSLITKRKRMMDC,N#Cc1ccccc1N
1b16,4-Methoxybenzonitrile,159092,5.234,PTIRAAAIQLSPVLFSRDGTTEKVLQAIASAAKEGAQLVVFPETFIPYYPYFSFIQPPVLMGKEHMRLYEEAVTVPGPVTDAVSRAARSYGMVVVLGVNERDGGSIYNTQLIFDADGTLLLKRRKITPTYHERMVWGQGDGAGLKVLDTAVGKVGALACWEHYNPLARFALMAQHEQIHCAQFPGSLVGQIFTDQIEVTIRHHALESGCFVVNATGWLSPEQVAQITTDEKLQRVLSGGCNTAIIGPEGNHLCPPITDGEGIAIADLDFSLITKRKRMMDC,COc1ccc(C#N)cc1
1b16,Cinnamonitrile,1675000,6.804,PTIRAAAIQLSPVLFSRDGTTEKVLQAIASAAKEGAQLVVFPETFIPYYPYFSFIQPPVLMGKEHMRLYEEAVTVPGPVTDAVSRAARSYGMVVVLGVNERDGGSIYNTQLIFDADGTLLLKRRKITPTYHERMVWGQGDGAGLKVLDTAVGKVGALACWEHYNPLARFALMAQHEQIHCAQFPGSLVGQIFTDQIEVTIRHHALESGCFVVNATGWLSPEQVAQITTDEKLQRVLSGGCNTAIIGPEGNHLCPPITDGEGIAIADLDFSLITKRKRMMDC,N#C/C=C/c1ccccc1
1b16,3-Phenylpropionitrile,1747831,5.108,PTIRAAAIQLSPVLFSRDGTTEKVLQAIASAAKEGAQLVVFPETFIPYYPYFSFIQPPVLMGKEHMRLYEEAVTVPGPVTDAVSRAARSYGMVVVLGVNERDGGSIYNTQLIFDADGTLLLKRRKITPTYHERMVWGQGDGAGLKVLDTAVGKVGALACWEHYNPLARFALMAQHEQIHCAQFPGSLVGQIFTDQIEVTIRHHALESGCFVVNATGWLSPEQVAQITTDEKLQRVLSGGCNTAIIGPEGNHLCPPITDGEGIAIADLDFSLITKRKRMMDC,N#CCCc1ccccc1
1b16,Cyclohexancarbonitrile,1758832,0.0,PTIRAAAIQLSPVLFSRDGTTEKVLQAIASAAKEGAQLVVFPETFIPYYPYFSFIQPPVLMGKEHMRLYEEAVTVPGPVTDAVSRAARSYGMVVVLGVNERDGGSIYNTQLIFDADGTLLLKRRKITPTYHERMVWGQGDGAGLKVLDTAVGKVGALACWEHYNPLARFALMAQHEQIHCAQFPGSLVGQIFTDQIEVTIRHHALESGCFVVNATGWLSPEQVAQITTDEKLQRVLSGGCNTAIIGPEGNHLCPPITDGEGIAIADLDFSLITKRKRMMDC,N#CC1CCCCC1
1b16,2-Methylglutaronitrile,2037734,3.231,PTIRAAAIQLSPVLFSRDGTTEKVLQAIASAAKEGAQLVVFPETFIPYYPYFSFIQPPVLMGKEHMRLYEEAVTVPGPVTDAVSRAARSYGMVVVLGVNERDGGSIYNTQLIFDADGTLLLKRRKITPTYHERMVWGQGDGAGLKVLDTAVGKVGALACWEHYNPLARFALMAQHEQIHCAQFPGSLVGQIFTDQIEVTIRHHALESGCFVVNATGWLSPEQVAQITTDEKLQRVLSGGCNTAIIGPEGNHLCPPITDGEGIAIADLDFSLITKRKRMMDC,C[C@@H](C#N)CCC#N
1b16,⍺-Methylbenzyl cyanide,2039218,0.0,PTIRAAAIQLSPVLFSRDGTTEKVLQAIASAAKEGAQLVVFPETFIPYYPYFSFIQPPVLMGKEHMRLYEEAVTVPGPVTDAVSRAARSYGMVVVLGVNERDGGSIYNTQLIFDADGTLLLKRRKITPTYHERMVWGQGDGAGLKVLDTAVGKVGALACWEHYNPLARFALMAQHEQIHCAQFPGSLVGQIFTDQIEVTIRHHALESGCFVVNATGWLSPEQVAQITTDEKLQRVLSGGCNTAIIGPEGNHLCPPITDGEGIAIADLDFSLITKRKRMMDC,C[C@@H](C#N)c1ccccc1
1b16,Valeronitrile,2041071,0.0,PTIRAAAIQLSPVLFSRDGTTEKVLQAIASAAKEGAQLVVFPETFIPYYPYFSFIQPPVLMGKEHMRLYEEAVTVPGPVTDAVSRAARSYGMVVVLGVNERDGGSIYNTQLIFDADGTLLLKRRKITPTYHERMVWGQGDGAGLKVLDTAVGKVGALACWEHYNPLARFALMAQHEQIHCAQFPGSLVGQIFTDQIEVTIRHHALESGCFVVNATGWLSPEQVAQITTDEKLQRVLSGGCNTAIIGPEGNHLCPPITDGEGIAIADLDFSLITKRKRMMDC,CCCCC#N
1b16,Isophthalonitrile,388279,3.478,PTIRAAAIQLSPVLFSRDGTTEKVLQAIASAAKEGAQLVVFPETFIPYYPYFSFIQPPVLMGKEHMRLYEEAVTVPGPVTDAVSRAARSYGMVVVLGVNERDGGSIYNTQLIFDADGTLLLKRRKITPTYHERMVWGQGDGAGLKVLDTAVGKVGALACWEHYNPLARFALMAQHEQIHCAQFPGSLVGQIFTDQIEVTIRHHALESGCFVVNATGWLSPEQVAQITTDEKLQRVLSGGCNTAIIGPEGNHLCPPITDGEGIAIADLDFSLITKRKRMMDC,N#Cc1cccc(C#N)c1
1b16,4-Hydroxybenzonitrile,388759,0.991,PTIRAAAIQLSPVLFSRDGTTEKVLQAIASAAKEGAQLVVFPETFIPYYPYFSFIQPPVLMGKEHMRLYEEAVTVPGPVTDAVSRAARSYGMVVVLGVNERDGGSIYNTQLIFDADGTLLLKRRKITPTYHERMVWGQGDGAGLKVLDTAVGKVGALACWEHYNPLARFALMAQHEQIHCAQFPGSLVGQIFTDQIEVTIRHHALESGCFVVNATGWLSPEQVAQITTDEKLQRVLSGGCNTAIIGPEGNHLCPPITDGEGIAIADLDFSLITKRKRMMDC,N#Cc1ccc(O)cc1
1b16,Propionitrile,6072456,0.0,PTIRAAAIQLSPVLFSRDGTTEKVLQAIASAAKEGAQLVVFPETFIPYYPYFSFIQPPVLMGKEHMRLYEEAVTVPGPVTDAVSRAARSYGMVVVLGVNERDGGSIYNTQLIFDADGTLLLKRRKITPTYHERMVWGQGDGAGLKVLDTAVGKVGALACWEHYNPLARFALMAQHEQIHCAQFPGSLVGQIFTDQIEVTIRHHALESGCFVVNATGWLSPEQVAQITTDEKLQRVLSGGCNTAIIGPEGNHLCPPITDGEGIAIADLDFSLITKRKRMMDC,CCC#N
1b16,Benzoylacetonitrile,74119,1.985,PTIRAAAIQLSPVLFSRDGTTEKVLQAIASAAKEGAQLVVFPETFIPYYPYFSFIQPPVLMGKEHMRLYEEAVTVPGPVTDAVSRAARSYGMVVVLGVNERDGGSIYNTQLIFDADGTLLLKRRKITPTYHERMVWGQGDGAGLKVLDTAVGKVGALACWEHYNPLARFALMAQHEQIHCAQFPGSLVGQIFTDQIEVTIRHHALESGCFVVNATGWLSPEQVAQITTDEKLQRVLSGGCNTAIIGPEGNHLCPPITDGEGIAIADLDFSLITKRKRMMDC,N#CCC(=O)c1ccccc1
1b16,Mandelonitrile,8100870,0.0,PTIRAAAIQLSPVLFSRDGTTEKVLQAIASAAKEGAQLVVFPETFIPYYPYFSFIQPPVLMGKEHMRLYEEAVTVPGPVTDAVSRAARSYGMVVVLGVNERDGGSIYNTQLIFDADGTLLLKRRKITPTYHERMVWGQGDGAGLKVLDTAVGKVGALACWEHYNPLARFALMAQHEQIHCAQFPGSLVGQIFTDQIEVTIRHHALESGCFVVNATGWLSPEQVAQITTDEKLQRVLSGGCNTAIIGPEGNHLCPPITDGEGIAIADLDFSLITKRKRMMDC,N#C[C@H](O)c1ccccc1
1b16,Benzonitrile,899417,0.0,PTIRAAAIQLSPVLFSRDGTTEKVLQAIASAAKEGAQLVVFPETFIPYYPYFSFIQPPVLMGKEHMRLYEEAVTVPGPVTDAVSRAARSYGMVVVLGVNERDGGSIYNTQLIFDADGTLLLKRRKITPTYHERMVWGQGDGAGLKVLDTAVGKVGALACWEHYNPLARFALMAQHEQIHCAQFPGSLVGQIFTDQIEVTIRHHALESGCFVVNATGWLSPEQVAQITTDEKLQRVLSGGCNTAIIGPEGNHLCPPITDGEGIAIADLDFSLITKRKRMMDC,N#Cc1ccccc1
1b16,Acrylonitrile,901212,0.0,PTIRAAAIQLSPVLFSRDGTTEKVLQAIASAAKEGAQLVVFPETFIPYYPYFSFIQPPVLMGKEHMRLYEEAVTVPGPVTDAVSRAARSYGMVVVLGVNERDGGSIYNTQLIFDADGTLLLKRRKITPTYHERMVWGQGDGAGLKVLDTAVGKVGALACWEHYNPLARFALMAQHEQIHCAQFPGSLVGQIFTDQIEVTIRHHALESGCFVVNATGWLSPEQVAQITTDEKLQRVLSGGCNTAIIGPEGNHLCPPITDGEGIAIADLDFSLITKRKRMMDC,C=CC#N
2a6,4-Aminobenzonitrile,152697,0.644,EAIKVACVQAAPIYMDLEATVDKTIELMEEAARNNARLIAFPETWIPGYPWFLWLDSPAWAMQFVRQYHENSLELDGPQAKRISDAAKRLGIMVTLGMSERVGGTLYISQWFIGDNGDTIGARRKLKPTFVERTLFGEGDGSSLAVFETSVGRLGGLCCWEHLQPLTKYALYAQNEEIHCAAWPSFSLYPNAAKALGPDVNVAASRIYAVEGQCFVLASCALVSQSMIDMLCTDDEKHALLLAGGGHSRIIGPDGGDLVAPLAENEEGILYANLDPGVRILAKMAADP,N#Cc1ccc(N)cc1
2a6,4-Nitrophenylacetonitrile,154682,6.868,EAIKVACVQAAPIYMDLEATVDKTIELMEEAARNNARLIAFPETWIPGYPWFLWLDSPAWAMQFVRQYHENSLELDGPQAKRISDAAKRLGIMVTLGMSERVGGTLYISQWFIGDNGDTIGARRKLKPTFVERTLFGEGDGSSLAVFETSVGRLGGLCCWEHLQPLTKYALYAQNEEIHCAAWPSFSLYPNAAKALGPDVNVAASRIYAVEGQCFVLASCALVSQSMIDMLCTDDEKHALLLAGGGHSRIIGPDGGDLVAPLAENEEGILYANLDPGVRILAKMAADP,N#CCc1ccc([N+](=O)[O-])cc1
2a6,4-(Dimethylamino)benzonitrile,155390,0.0,EAIKVACVQAAPIYMDLEATVDKTIELMEEAARNNARLIAFPETWIPGYPWFLWLDSPAWAMQFVRQYHENSLELDGPQAKRISDAAKRLGIMVTLGMSERVGGTLYISQWFIGDNGDTIGARRKLKPTFVERTLFGEGDGSSLAVFETSVGRLGGLCCWEHLQPLTKYALYAQNEEIHCAAWPSFSLYPNAAKALGPDVNVAASRIYAVEGQCFVLASCALVSQSMIDMLCTDDEKHALLLAGGGHSRIIGPDGGDLVAPLAENEEGILYANLDPGVRILAKMAADP,CN(C)c1ccc(C#N)cc1
2a6,4-Chlorobenzonitrile,157255,4.571,EAIKVACVQAAPIYMDLEATVDKTIELMEEAARNNARLIAFPETWIPGYPWFLWLDSPAWAMQFVRQYHENSLELDGPQAKRISDAAKRLGIMVTLGMSERVGGTLYISQWFIGDNGDTIGARRKLKPTFVERTLFGEGDGSSLAVFETSVGRLGGLCCWEHLQPLTKYALYAQNEEIHCAAWPSFSLYPNAAKALGPDVNVAASRIYAVEGQCFVLASCALVSQSMIDMLCTDDEKHALLLAGGGHSRIIGPDGGDLVAPLAENEEGILYANLDPGVRILAKMAADP,N#Cc1ccc(Cl)cc1
2a6,"2,6-Dichlorobenzonitrile",157318,1.065,EAIKVACVQAAPIYMDLEATVDKTIELMEEAARNNARLIAFPETWIPGYPWFLWLDSPAWAMQFVRQYHENSLELDGPQAKRISDAAKRLGIMVTLGMSERVGGTLYISQWFIGDNGDTIGARRKLKPTFVERTLFGEGDGSSLAVFETSVGRLGGLCCWEHLQPLTKYALYAQNEEIHCAAWPSFSLYPNAAKALGPDVNVAASRIYAVEGQCFVLASCALVSQSMIDMLCTDDEKHALLLAGGGHSRIIGPDGGDLVAPLAENEEGILYANLDPGVRILAKMAADP,N#Cc1c(Cl)cccc1Cl
2a6,2-Aminobenzonitrile,157544,0.294,EAIKVACVQAAPIYMDLEATVDKTIELMEEAARNNARLIAFPETWIPGYPWFLWLDSPAWAMQFVRQYHENSLELDGPQAKRISDAAKRLGIMVTLGMSERVGGTLYISQWFIGDNGDTIGARRKLKPTFVERTLFGEGDGSSLAVFETSVGRLGGLCCWEHLQPLTKYALYAQNEEIHCAAWPSFSLYPNAAKALGPDVNVAASRIYAVEGQCFVLASCALVSQSMIDMLCTDDEKHALLLAGGGHSRIIGPDGGDLVAPLAENEEGILYANLDPGVRILAKMAADP,N#Cc1ccccc1N
2a6,4-Methoxybenzonitrile,159092,1.228,EAIKVACVQAAPIYMDLEATVDKTIELMEEAARNNARLIAFPETWIPGYPWFLWLDSPAWAMQFVRQYHENSLELDGPQAKRISDAAKRLGIMVTLGMSERVGGTLYISQWFIGDNGDTIGARRKLKPTFVERTLFGEGDGSSLAVFETSVGRLGGLCCWEHLQPLTKYALYAQNEEIHCAAWPSFSLYPNAAKALGPDVNVAASRIYAVEGQCFVLASCALVSQSMIDMLCTDDEKHALLLAGGGHSRIIGPDGGDLVAPLAENEEGILYANLDPGVRILAKMAADP,COc1ccc(C#N)cc1
2a6,Cinnamonitrile,1675000,0.0,EAIKVACVQAAPIYMDLEATVDKTIELMEEAARNNARLIAFPETWIPGYPWFLWLDSPAWAMQFVRQYHENSLELDGPQAKRISDAAKRLGIMVTLGMSERVGGTLYISQWFIGDNGDTIGARRKLKPTFVERTLFGEGDGSSLAVFETSVGRLGGLCCWEHLQPLTKYALYAQNEEIHCAAWPSFSLYPNAAKALGPDVNVAASRIYAVEGQCFVLASCALVSQSMIDMLCTDDEKHALLLAGGGHSRIIGPDGGDLVAPLAENEEGILYANLDPGVRILAKMAADP,N#C/C=C/c1ccccc1
2a6,3-Phenylpropionitrile,1747831,7.676,EAIKVACVQAAPIYMDLEATVDKTIELMEEAARNNARLIAFPETWIPGYPWFLWLDSPAWAMQFVRQYHENSLELDGPQAKRISDAAKRLGIMVTLGMSERVGGTLYISQWFIGDNGDTIGARRKLKPTFVERTLFGEGDGSSLAVFETSVGRLGGLCCWEHLQPLTKYALYAQNEEIHCAAWPSFSLYPNAAKALGPDVNVAASRIYAVEGQCFVLASCALVSQSMIDMLCTDDEKHALLLAGGGHSRIIGPDGGDLVAPLAENEEGILYANLDPGVRILAKMAADP,N#CCCc1ccccc1
2a6,Cyclohexancarbonitrile,1758832,1.631,EAIKVACVQAAPIYMDLEATVDKTIELMEEAARNNARLIAFPETWIPGYPWFLWLDSPAWAMQFVRQYHENSLELDGPQAKRISDAAKRLGIMVTLGMSERVGGTLYISQWFIGDNGDTIGARRKLKPTFVERTLFGEGDGSSLAVFETSVGRLGGLCCWEHLQPLTKYALYAQNEEIHCAAWPSFSLYPNAAKALGPDVNVAASRIYAVEGQCFVLASCALVSQSMIDMLCTDDEKHALLLAGGGHSRIIGPDGGDLVAPLAENEEGILYANLDPGVRILAKMAADP,N#CC1CCCCC1
2a6,2-Methylglutaronitrile,2037734,13.656,EAIKVACVQAAPIYMDLEATVDKTIELMEEAARNNARLIAFPETWIPGYPWFLWLDSPAWAMQFVRQYHENSLELDGPQAKRISDAAKRLGIMVTLGMSERVGGTLYISQWFIGDNGDTIGARRKLKPTFVERTLFGEGDGSSLAVFETSVGRLGGLCCWEHLQPLTKYALYAQNEEIHCAAWPSFSLYPNAAKALGPDVNVAASRIYAVEGQCFVLASCALVSQSMIDMLCTDDEKHALLLAGGGHSRIIGPDGGDLVAPLAENEEGILYANLDPGVRILAKMAADP,C[C@@H](C#N)CCC#N
2a6,⍺-Methylbenzyl cyanide,2039218,8.932,EAIKVACVQAAPIYMDLEATVDKTIELMEEAARNNARLIAFPETWIPGYPWFLWLDSPAWAMQFVRQYHENSLELDGPQAKRISDAAKRLGIMVTLGMSERVGGTLYISQWFIGDNGDTIGARRKLKPTFVERTLFGEGDGSSLAVFETSVGRLGGLCCWEHLQPLTKYALYAQNEEIHCAAWPSFSLYPNAAKALGPDVNVAASRIYAVEGQCFVLASCALVSQSMIDMLCTDDEKHALLLAGGGHSRIIGPDGGDLVAPLAENEEGILYANLDPGVRILAKMAADP,C[C@@H](C#N)c1ccccc1
2a6,Valeronitrile,2041071,2.238,EAIKVACVQAAPIYMDLEATVDKTIELMEEAARNNARLIAFPETWIPGYPWFLWLDSPAWAMQFVRQYHENSLELDGPQAKRISDAAKRLGIMVTLGMSERVGGTLYISQWFIGDNGDTIGARRKLKPTFVERTLFGEGDGSSLAVFETSVGRLGGLCCWEHLQPLTKYALYAQNEEIHCAAWPSFSLYPNAAKALGPDVNVAASRIYAVEGQCFVLASCALVSQSMIDMLCTDDEKHALLLAGGGHSRIIGPDGGDLVAPLAENEEGILYANLDPGVRILAKMAADP,CCCCC#N
2a6,Isophthalonitrile,388279,6.637,EAIKVACVQAAPIYMDLEATVDKTIELMEEAARNNARLIAFPETWIPGYPWFLWLDSPAWAMQFVRQYHENSLELDGPQAKRISDAAKRLGIMVTLGMSERVGGTLYISQWFIGDNGDTIGARRKLKPTFVERTLFGEGDGSSLAVFETSVGRLGGLCCWEHLQPLTKYALYAQNEEIHCAAWPSFSLYPNAAKALGPDVNVAASRIYAVEGQCFVLASCALVSQSMIDMLCTDDEKHALLLAGGGHSRIIGPDGGDLVAPLAENEEGILYANLDPGVRILAKMAADP,N#Cc1cccc(C#N)c1
2a6,4-Hydroxybenzonitrile,388759,0.0,EAIKVACVQAAPIYMDLEATVDKTIELMEEAARNNARLIAFPETWIPGYPWFLWLDSPAWAMQFVRQYHENSLELDGPQAKRISDAAKRLGIMVTLGMSERVGGTLYISQWFIGDNGDTIGARRKLKPTFVERTLFGEGDGSSLAVFETSVGRLGGLCCWEHLQPLTKYALYAQNEEIHCAAWPSFSLYPNAAKALGPDVNVAASRIYAVEGQCFVLASCALVSQSMIDMLCTDDEKHALLLAGGGHSRIIGPDGGDLVAPLAENEEGILYANLDPGVRILAKMAADP,N#Cc1ccc(O)cc1
2a6,Propionitrile,6072456,0.754,EAIKVACVQAAPIYMDLEATVDKTIELMEEAARNNARLIAFPETWIPGYPWFLWLDSPAWAMQFVRQYHENSLELDGPQAKRISDAAKRLGIMVTLGMSERVGGTLYISQWFIGDNGDTIGARRKLKPTFVERTLFGEGDGSSLAVFETSVGRLGGLCCWEHLQPLTKYALYAQNEEIHCAAWPSFSLYPNAAKALGPDVNVAASRIYAVEGQCFVLASCALVSQSMIDMLCTDDEKHALLLAGGGHSRIIGPDGGDLVAPLAENEEGILYANLDPGVRILAKMAADP,CCC#N
2a6,Benzoylacetonitrile,74119,3.34,EAIKVACVQAAPIYMDLEATVDKTIELMEEAARNNARLIAFPETWIPGYPWFLWLDSPAWAMQFVRQYHENSLELDGPQAKRISDAAKRLGIMVTLGMSERVGGTLYISQWFIGDNGDTIGARRKLKPTFVERTLFGEGDGSSLAVFETSVGRLGGLCCWEHLQPLTKYALYAQNEEIHCAAWPSFSLYPNAAKALGPDVNVAASRIYAVEGQCFVLASCALVSQSMIDMLCTDDEKHALLLAGGGHSRIIGPDGGDLVAPLAENEEGILYANLDPGVRILAKMAADP,N#CCC(=O)c1ccccc1
2a6,Mandelonitrile,8100870,4.706,EAIKVACVQAAPIYMDLEATVDKTIELMEEAARNNARLIAFPETWIPGYPWFLWLDSPAWAMQFVRQYHENSLELDGPQAKRISDAAKRLGIMVTLGMSERVGGTLYISQWFIGDNGDTIGARRKLKPTFVERTLFGEGDGSSLAVFETSVGRLGGLCCWEHLQPLTKYALYAQNEEIHCAAWPSFSLYPNAAKALGPDVNVAASRIYAVEGQCFVLASCALVSQSMIDMLCTDDEKHALLLAGGGHSRIIGPDGGDLVAPLAENEEGILYANLDPGVRILAKMAADP,N#C[C@H](O)c1ccccc1
2a6,Benzonitrile,899417,0.0,EAIKVACVQAAPIYMDLEATVDKTIELMEEAARNNARLIAFPETWIPGYPWFLWLDSPAWAMQFVRQYHENSLELDGPQAKRISDAAKRLGIMVTLGMSERVGGTLYISQWFIGDNGDTIGARRKLKPTFVERTLFGEGDGSSLAVFETSVGRLGGLCCWEHLQPLTKYALYAQNEEIHCAAWPSFSLYPNAAKALGPDVNVAASRIYAVEGQCFVLASCALVSQSMIDMLCTDDEKHALLLAGGGHSRIIGPDGGDLVAPLAENEEGILYANLDPGVRILAKMAADP,N#Cc1ccccc1
2a6,Acrylonitrile,901212,0.968,EAIKVACVQAAPIYMDLEATVDKTIELMEEAARNNARLIAFPETWIPGYPWFLWLDSPAWAMQFVRQYHENSLELDGPQAKRISDAAKRLGIMVTLGMSERVGGTLYISQWFIGDNGDTIGARRKLKPTFVERTLFGEGDGSSLAVFETSVGRLGGLCCWEHLQPLTKYALYAQNEEIHCAAWPSFSLYPNAAKALGPDVNVAASRIYAVEGQCFVLASCALVSQSMIDMLCTDDEKHALLLAGGGHSRIIGPDGGDLVAPLAENEEGILYANLDPGVRILAKMAADP,C=CC#N
3a2,4-Aminobenzonitrile,152697,3.281,TARRLAAVHAAPVFMDTDATIDKVIGFVEQAGREGIELLVFPETFVPGYPYWIECYPPLQQVAANAQYTDASVEVPGPEIKRVQAACARAGVEVVLGVSERLRGTRTCFNSQVFIDADGSLLGVHRKLQPTYVERIVWAQGGGATLSVFGSRSGRIGGLACWEHTMNLARQALLEQEQQIHAAAWPALSTMAGFETVADAQIEAMMKTHALTAQVFVICASNPVDGTCLEWMRDNLGEQKFVTAGGGWSAVIHPFNSFLGGPHTGLEEKLVSATIDFSDIRLVKAWVDS,N#Cc1ccc(N)cc1
3a2,4-Nitrophenylacetonitrile,154682,0.0,TARRLAAVHAAPVFMDTDATIDKVIGFVEQAGREGIELLVFPETFVPGYPYWIECYPPLQQVAANAQYTDASVEVPGPEIKRVQAACARAGVEVVLGVSERLRGTRTCFNSQVFIDADGSLLGVHRKLQPTYVERIVWAQGGGATLSVFGSRSGRIGGLACWEHTMNLARQALLEQEQQIHAAAWPALSTMAGFETVADAQIEAMMKTHALTAQVFVICASNPVDGTCLEWMRDNLGEQKFVTAGGGWSAVIHPFNSFLGGPHTGLEEKLVSATIDFSDIRLVKAWVDS,N#CCc1ccc([N+](=O)[O-])cc1
3a2,4-(Dimethylamino)benzonitrile,155390,0.0,TARRLAAVHAAPVFMDTDATIDKVIGFVEQAGREGIELLVFPETFVPGYPYWIECYPPLQQVAANAQYTDASVEVPGPEIKRVQAACARAGVEVVLGVSERLRGTRTCFNSQVFIDADGSLLGVHRKLQPTYVERIVWAQGGGATLSVFGSRSGRIGGLACWEHTMNLARQALLEQEQQIHAAAWPALSTMAGFETVADAQIEAMMKTHALTAQVFVICASNPVDGTCLEWMRDNLGEQKFVTAGGGWSAVIHPFNSFLGGPHTGLEEKLVSATIDFSDIRLVKAWVDS,CN(C)c1ccc(C#N)cc1
3a2,4-Chlorobenzonitrile,157255,2.703,TARRLAAVHAAPVFMDTDATIDKVIGFVEQAGREGIELLVFPETFVPGYPYWIECYPPLQQVAANAQYTDASVEVPGPEIKRVQAACARAGVEVVLGVSERLRGTRTCFNSQVFIDADGSLLGVHRKLQPTYVERIVWAQGGGATLSVFGSRSGRIGGLACWEHTMNLARQALLEQEQQIHAAAWPALSTMAGFETVADAQIEAMMKTHALTAQVFVICASNPVDGTCLEWMRDNLGEQKFVTAGGGWSAVIHPFNSFLGGPHTGLEEKLVSATIDFSDIRLVKAWVDS,N#Cc1ccc(Cl)cc1
3a2,"2,6-Dichlorobenzonitrile",157318,0.0,TARRLAAVHAAPVFMDTDATIDKVIGFVEQAGREGIELLVFPETFVPGYPYWIECYPPLQQVAANAQYTDASVEVPGPEIKRVQAACARAGVEVVLGVSERLRGTRTCFNSQVFIDADGSLLGVHRKLQPTYVERIVWAQGGGATLSVFGSRSGRIGGLACWEHTMNLARQALLEQEQQIHAAAWPALSTMAGFETVADAQIEAMMKTHALTAQVFVICASNPVDGTCLEWMRDNLGEQKFVTAGGGWSAVIHPFNSFLGGPHTGLEEKLVSATIDFSDIRLVKAWVDS,N#Cc1c(Cl)cccc1Cl
3a2,2-Aminobenzonitrile,157544,0.0,TARRLAAVHAAPVFMDTDATIDKVIGFVEQAGREGIELLVFPETFVPGYPYWIECYPPLQQVAANAQYTDASVEVPGPEIKRVQAACARAGVEVVLGVSERLRGTRTCFNSQVFIDADGSLLGVHRKLQPTYVERIVWAQGGGATLSVFGSRSGRIGGLACWEHTMNLARQALLEQEQQIHAAAWPALSTMAGFETVADAQIEAMMKTHALTAQVFVICASNPVDGTCLEWMRDNLGEQKFVTAGGGWSAVIHPFNSFLGGPHTGLEEKLVSATIDFSDIRLVKAWVDS,N#Cc1ccccc1N
3a2,4-Methoxybenzonitrile,159092,5.91,TARRLAAVHAAPVFMDTDATIDKVIGFVEQAGREGIELLVFPETFVPGYPYWIECYPPLQQVAANAQYTDASVEVPGPEIKRVQAACARAGVEVVLGVSERLRGTRTCFNSQVFIDADGSLLGVHRKLQPTYVERIVWAQGGGATLSVFGSRSGRIGGLACWEHTMNLARQALLEQEQQIHAAAWPALSTMAGFETVADAQIEAMMKTHALTAQVFVICASNPVDGTCLEWMRDNLGEQKFVTAGGGWSAVIHPFNSFLGGPHTGLEEKLVSATIDFSDIRLVKAWVDS,COc1ccc(C#N)cc1
3a2,Cinnamonitrile,1675000,5.021,TARRLAAVHAAPVFMDTDATIDKVIGFVEQAGREGIELLVFPETFVPGYPYWIECYPPLQQVAANAQYTDASVEVPGPEIKRVQAACARAGVEVVLGVSERLRGTRTCFNSQVFIDADGSLLGVHRKLQPTYVERIVWAQGGGATLSVFGSRSGRIGGLACWEHTMNLARQALLEQEQQIHAAAWPALSTMAGFETVADAQIEAMMKTHALTAQVFVICASNPVDGTCLEWMRDNLGEQKFVTAGGGWSAVIHPFNSFLGGPHTGLEEKLVSATIDFSDIRLVKAWVDS,N#C/C=C/c1ccccc1
3a2,3-Phenylpropionitrile,1747831,1.557,TARRLAAVHAAPVFMDTDATIDKVIGFVEQAGREGIELLVFPETFVPGYPYWIECYPPLQQVAANAQYTDASVEVPGPEIKRVQAACARAGVEVVLGVSERLRGTRTCFNSQVFIDADGSLLGVHRKLQPTYVERIVWAQGGGATLSVFGSRSGRIGGLACWEHTMNLARQALLEQEQQIHAAAWPALSTMAGFETVADAQIEAMMKTHALTAQVFVICASNPVDGTCLEWMRDNLGEQKFVTAGGGWSAVIHPFNSFLGGPHTGLEEKLVSATIDFSDIRLVKAWVDS,N#CCCc1ccccc1
3a2,Cyclohexancarbonitrile,1758832,0.0,TARRLAAVHAAPVFMDTDATIDKVIGFVEQAGREGIELLVFPETFVPGYPYWIECYPPLQQVAANAQYTDASVEVPGPEIKRVQAACARAGVEVVLGVSERLRGTRTCFNSQVFIDADGSLLGVHRKLQPTYVERIVWAQGGGATLSVFGSRSGRIGGLACWEHTMNLARQALLEQEQQIHAAAWPALSTMAGFETVADAQIEAMMKTHALTAQVFVICASNPVDGTCLEWMRDNLGEQKFVTAGGGWSAVIHPFNSFLGGPHTGLEEKLVSATIDFSDIRLVKAWVDS,N#CC1CCCCC1
3a2,2-Methylglutaronitrile,2037734,13.023,TARRLAAVHAAPVFMDTDATIDKVIGFVEQAGREGIELLVFPETFVPGYPYWIECYPPLQQVAANAQYTDASVEVPGPEIKRVQAACARAGVEVVLGVSERLRGTRTCFNSQVFIDADGSLLGVHRKLQPTYVERIVWAQGGGATLSVFGSRSGRIGGLACWEHTMNLARQALLEQEQQIHAAAWPALSTMAGFETVADAQIEAMMKTHALTAQVFVICASNPVDGTCLEWMRDNLGEQKFVTAGGGWSAVIHPFNSFLGGPHTGLEEKLVSATIDFSDIRLVKAWVDS,C[C@@H](C#N)CCC#N
3a2,⍺-Methylbenzyl cyanide,2039218,0.0,TARRLAAVHAAPVFMDTDATIDKVIGFVEQAGREGIELLVFPETFVPGYPYWIECYPPLQQVAANAQYTDASVEVPGPEIKRVQAACARAGVEVVLGVSERLRGTRTCFNSQVFIDADGSLLGVHRKLQPTYVERIVWAQGGGATLSVFGSRSGRIGGLACWEHTMNLARQALLEQEQQIHAAAWPALSTMAGFETVADAQIEAMMKTHALTAQVFVICASNPVDGTCLEWMRDNLGEQKFVTAGGGWSAVIHPFNSFLGGPHTGLEEKLVSATIDFSDIRLVKAWVDS,C[C@@H](C#N)c1ccccc1
3a2,Valeronitrile,2041071,0.0,TARRLAAVHAAPVFMDTDATIDKVIGFVEQAGREGIELLVFPETFVPGYPYWIECYPPLQQVAANAQYTDASVEVPGPEIKRVQAACARAGVEVVLGVSERLRGTRTCFNSQVFIDADGSLLGVHRKLQPTYVERIVWAQGGGATLSVFGSRSGRIGGLACWEHTMNLARQALLEQEQQIHAAAWPALSTMAGFETVADAQIEAMMKTHALTAQVFVICASNPVDGTCLEWMRDNLGEQKFVTAGGGWSAVIHPFNSFLGGPHTGLEEKLVSATIDFSDIRLVKAWVDS,CCCCC#N
3a2,Isophthalonitrile,388279,8.917,TARRLAAVHAAPVFMDTDATIDKVIGFVEQAGREGIELLVFPETFVPGYPYWIECYPPLQQVAANAQYTDASVEVPGPEIKRVQAACARAGVEVVLGVSERLRGTRTCFNSQVFIDADGSLLGVHRKLQPTYVERIVWAQGGGATLSVFGSRSGRIGGLACWEHTMNLARQALLEQEQQIHAAAWPALSTMAGFETVADAQIEAMMKTHALTAQVFVICASNPVDGTCLEWMRDNLGEQKFVTAGGGWSAVIHPFNSFLGGPHTGLEEKLVSATIDFSDIRLVKAWVDS,N#Cc1cccc(C#N)c1
3a2,4-Hydroxybenzonitrile,388759,0.086,TARRLAAVHAAPVFMDTDATIDKVIGFVEQAGREGIELLVFPETFVPGYPYWIECYPPLQQVAANAQYTDASVEVPGPEIKRVQAACARAGVEVVLGVSERLRGTRTCFNSQVFIDADGSLLGVHRKLQPTYVERIVWAQGGGATLSVFGSRSGRIGGLACWEHTMNLARQALLEQEQQIHAAAWPALSTMAGFETVADAQIEAMMKTHALTAQVFVICASNPVDGTCLEWMRDNLGEQKFVTAGGGWSAVIHPFNSFLGGPHTGLEEKLVSATIDFSDIRLVKAWVDS,N#Cc1ccc(O)cc1
3a2,Propionitrile,6072456,0.0,TARRLAAVHAAPVFMDTDATIDKVIGFVEQAGREGIELLVFPETFVPGYPYWIECYPPLQQVAANAQYTDASVEVPGPEIKRVQAACARAGVEVVLGVSERLRGTRTCFNSQVFIDADGSLLGVHRKLQPTYVERIVWAQGGGATLSVFGSRSGRIGGLACWEHTMNLARQALLEQEQQIHAAAWPALSTMAGFETVADAQIEAMMKTHALTAQVFVICASNPVDGTCLEWMRDNLGEQKFVTAGGGWSAVIHPFNSFLGGPHTGLEEKLVSATIDFSDIRLVKAWVDS,CCC#N
3a2,Benzoylacetonitrile,74119,0.0,TARRLAAVHAAPVFMDTDATIDKVIGFVEQAGREGIELLVFPETFVPGYPYWIECYPPLQQVAANAQYTDASVEVPGPEIKRVQAACARAGVEVVLGVSERLRGTRTCFNSQVFIDADGSLLGVHRKLQPTYVERIVWAQGGGATLSVFGSRSGRIGGLACWEHTMNLARQALLEQEQQIHAAAWPALSTMAGFETVADAQIEAMMKTHALTAQVFVICASNPVDGTCLEWMRDNLGEQKFVTAGGGWSAVIHPFNSFLGGPHTGLEEKLVSATIDFSDIRLVKAWVDS,N#CCC(=O)c1ccccc1
3a2,Mandelonitrile,8100870,0.0,TARRLAAVHAAPVFMDTDATIDKVIGFVEQAGREGIELLVFPETFVPGYPYWIECYPPLQQVAANAQYTDASVEVPGPEIKRVQAACARAGVEVVLGVSERLRGTRTCFNSQVFIDADGSLLGVHRKLQPTYVERIVWAQGGGATLSVFGSRSGRIGGLACWEHTMNLARQALLEQEQQIHAAAWPALSTMAGFETVADAQIEAMMKTHALTAQVFVICASNPVDGTCLEWMRDNLGEQKFVTAGGGWSAVIHPFNSFLGGPHTGLEEKLVSATIDFSDIRLVKAWVDS,N#C[C@H](O)c1ccccc1
3a2,Benzonitrile,899417,0.0,TARRLAAVHAAPVFMDTDATIDKVIGFVEQAGREGIELLVFPETFVPGYPYWIECYPPLQQVAANAQYTDASVEVPGPEIKRVQAACARAGVEVVLGVSERLRGTRTCFNSQVFIDADGSLLGVHRKLQPTYVERIVWAQGGGATLSVFGSRSGRIGGLACWEHTMNLARQALLEQEQQIHAAAWPALSTMAGFETVADAQIEAMMKTHALTAQVFVICASNPVDGTCLEWMRDNLGEQKFVTAGGGWSAVIHPFNSFLGGPHTGLEEKLVSATIDFSDIRLVKAWVDS,N#Cc1ccccc1
3a2,Acrylonitrile,901212,0.0,TARRLAAVHAAPVFMDTDATIDKVIGFVEQAGREGIELLVFPETFVPGYPYWIECYPPLQQVAANAQYTDASVEVPGPEIKRVQAACARAGVEVVLGVSERLRGTRTCFNSQVFIDADGSLLGVHRKLQPTYVERIVWAQGGGATLSVFGSRSGRIGGLACWEHTMNLARQALLEQEQQIHAAAWPALSTMAGFETVADAQIEAMMKTHALTAQVFVICASNPVDGTCLEWMRDNLGEQKFVTAGGGWSAVIHPFNSFLGGPHTGLEEKLVSATIDFSDIRLVKAWVDS,C=CC#N
3wuy,4-Aminobenzonitrile,152697,0.0,IMLNYTKNIRAAAAQISPVLFSQQGTMEKVLDAIANAAKKGVELIVFPETFVPYYPYFSFVEPPVLMGKSHLKLYQEAVTVPGKVTQAIAQAAKTHGMVVVLGVNEREEGSLYNTQLIFDADGALVLKRRKITPTYHERMVWGQGDGAGLRTVDTTVGRLGALACWEHYNPLARYALMAQHEQIHCGQFPGSMVGQIFADQMEVTMRHHALESGCFVINATGWLTAEQKLQITTDEKMHQALSGGCYTAIISPEGKHLCEPIAEGEGLAIADLDFSLIAKRKRMMD,N#Cc1ccc(N)cc1
3wuy,4-Nitrophenylacetonitrile,154682,0.0,IMLNYTKNIRAAAAQISPVLFSQQGTMEKVLDAIANAAKKGVELIVFPETFVPYYPYFSFVEPPVLMGKSHLKLYQEAVTVPGKVTQAIAQAAKTHGMVVVLGVNEREEGSLYNTQLIFDADGALVLKRRKITPTYHERMVWGQGDGAGLRTVDTTVGRLGALACWEHYNPLARYALMAQHEQIHCGQFPGSMVGQIFADQMEVTMRHHALESGCFVINATGWLTAEQKLQITTDEKMHQALSGGCYTAIISPEGKHLCEPIAEGEGLAIADLDFSLIAKRKRMMD,N#CCc1ccc([N+](=O)[O-])cc1
3wuy,4-(Dimethylamino)benzonitrile,155390,0.583,IMLNYTKNIRAAAAQISPVLFSQQGTMEKVLDAIANAAKKGVELIVFPETFVPYYPYFSFVEPPVLMGKSHLKLYQEAVTVPGKVTQAIAQAAKTHGMVVVLGVNEREEGSLYNTQLIFDADGALVLKRRKITPTYHERMVWGQGDGAGLRTVDTTVGRLGALACWEHYNPLARYALMAQHEQIHCGQFPGSMVGQIFADQMEVTMRHHALESGCFVINATGWLTAEQKLQITTDEKMHQALSGGCYTAIISPEGKHLCEPIAEGEGLAIADLDFSLIAKRKRMMD,CN(C)c1ccc(C#N)cc1
3wuy,4-Chlorobenzonitrile,157255,2.68,IMLNYTKNIRAAAAQISPVLFSQQGTMEKVLDAIANAAKKGVELIVFPETFVPYYPYFSFVEPPVLMGKSHLKLYQEAVTVPGKVTQAIAQAAKTHGMVVVLGVNEREEGSLYNTQLIFDADGALVLKRRKITPTYHERMVWGQGDGAGLRTVDTTVGRLGALACWEHYNPLARYALMAQHEQIHCGQFPGSMVGQIFADQMEVTMRHHALESGCFVINATGWLTAEQKLQITTDEKMHQALSGGCYTAIISPEGKHLCEPIAEGEGLAIADLDFSLIAKRKRMMD,N#Cc1ccc(Cl)cc1
3wuy,"2,6-Dichlorobenzonitrile",157318,0.006,IMLNYTKNIRAAAAQISPVLFSQQGTMEKVLDAIANAAKKGVELIVFPETFVPYYPYFSFVEPPVLMGKSHLKLYQEAVTVPGKVTQAIAQAAKTHGMVVVLGVNEREEGSLYNTQLIFDADGALVLKRRKITPTYHERMVWGQGDGAGLRTVDTTVGRLGALACWEHYNPLARYALMAQHEQIHCGQFPGSMVGQIFADQMEVTMRHHALESGCFVINATGWLTAEQKLQITTDEKMHQALSGGCYTAIISPEGKHLCEPIAEGEGLAIADLDFSLIAKRKRMMD,N#Cc1c(Cl)cccc1Cl
3wuy,2-Aminobenzonitrile,157544,0.0,IMLNYTKNIRAAAAQISPVLFSQQGTMEKVLDAIANAAKKGVELIVFPETFVPYYPYFSFVEPPVLMGKSHLKLYQEAVTVPGKVTQAIAQAAKTHGMVVVLGVNEREEGSLYNTQLIFDADGALVLKRRKITPTYHERMVWGQGDGAGLRTVDTTVGRLGALACWEHYNPLARYALMAQHEQIHCGQFPGSMVGQIFADQMEVTMRHHALESGCFVINATGWLTAEQKLQITTDEKMHQALSGGCYTAIISPEGKHLCEPIAEGEGLAIADLDFSLIAKRKRMMD,N#Cc1ccccc1N
3wuy,4-Methoxybenzonitrile,159092,4.4,IMLNYTKNIRAAAAQISPVLFSQQGTMEKVLDAIANAAKKGVELIVFPETFVPYYPYFSFVEPPVLMGKSHLKLYQEAVTVPGKVTQAIAQAAKTHGMVVVLGVNEREEGSLYNTQLIFDADGALVLKRRKITPTYHERMVWGQGDGAGLRTVDTTVGRLGALACWEHYNPLARYALMAQHEQIHCGQFPGSMVGQIFADQMEVTMRHHALESGCFVINATGWLTAEQKLQITTDEKMHQALSGGCYTAIISPEGKHLCEPIAEGEGLAIADLDFSLIAKRKRMMD,COc1ccc(C#N)cc1
3wuy,Cinnamonitrile,1675000,6.734,IMLNYTKNIRAAAAQISPVLFSQQGTMEKVLDAIANAAKKGVELIVFPETFVPYYPYFSFVEPPVLMGKSHLKLYQEAVTVPGKVTQAIAQAAKTHGMVVVLGVNEREEGSLYNTQLIFDADGALVLKRRKITPTYHERMVWGQGDGAGLRTVDTTVGRLGALACWEHYNPLARYALMAQHEQIHCGQFPGSMVGQIFADQMEVTMRHHALESGCFVINATGWLTAEQKLQITTDEKMHQALSGGCYTAIISPEGKHLCEPIAEGEGLAIADLDFSLIAKRKRMMD,N#C/C=C/c1ccccc1
3wuy,3-Phenylpropionitrile,1747831,6.09,IMLNYTKNIRAAAAQISPVLFSQQGTMEKVLDAIANAAKKGVELIVFPETFVPYYPYFSFVEPPVLMGKSHLKLYQEAVTVPGKVTQAIAQAAKTHGMVVVLGVNEREEGSLYNTQLIFDADGALVLKRRKITPTYHERMVWGQGDGAGLRTVDTTVGRLGALACWEHYNPLARYALMAQHEQIHCGQFPGSMVGQIFADQMEVTMRHHALESGCFVINATGWLTAEQKLQITTDEKMHQALSGGCYTAIISPEGKHLCEPIAEGEGLAIADLDFSLIAKRKRMMD,N#CCCc1ccccc1
3wuy,Cyclohexancarbonitrile,1758832,0.0,IMLNYTKNIRAAAAQISPVLFSQQGTMEKVLDAIANAAKKGVELIVFPETFVPYYPYFSFVEPPVLMGKSHLKLYQEAVTVPGKVTQAIAQAAKTHGMVVVLGVNEREEGSLYNTQLIFDADGALVLKRRKITPTYHERMVWGQGDGAGLRTVDTTVGRLGALACWEHYNPLARYALMAQHEQIHCGQFPGSMVGQIFADQMEVTMRHHALESGCFVINATGWLTAEQKLQITTDEKMHQALSGGCYTAIISPEGKHLCEPIAEGEGLAIADLDFSLIAKRKRMMD,N#CC1CCCCC1
3wuy,2-Methylglutaronitrile,2037734,0.22,IMLNYTKNIRAAAAQISPVLFSQQGTMEKVLDAIANAAKKGVELIVFPETFVPYYPYFSFVEPPVLMGKSHLKLYQEAVTVPGKVTQAIAQAAKTHGMVVVLGVNEREEGSLYNTQLIFDADGALVLKRRKITPTYHERMVWGQGDGAGLRTVDTTVGRLGALACWEHYNPLARYALMAQHEQIHCGQFPGSMVGQIFADQMEVTMRHHALESGCFVINATGWLTAEQKLQITTDEKMHQALSGGCYTAIISPEGKHLCEPIAEGEGLAIADLDFSLIAKRKRMMD,C[C@@H](C#N)CCC#N
3wuy,⍺-Methylbenzyl cyanide,2039218,0.0,IMLNYTKNIRAAAAQISPVLFSQQGTMEKVLDAIANAAKKGVELIVFPETFVPYYPYFSFVEPPVLMGKSHLKLYQEAVTVPGKVTQAIAQAAKTHGMVVVLGVNEREEGSLYNTQLIFDADGALVLKRRKITPTYHERMVWGQGDGAGLRTVDTTVGRLGALACWEHYNPLARYALMAQHEQIHCGQFPGSMVGQIFADQMEVTMRHHALESGCFVINATGWLTAEQKLQITTDEKMHQALSGGCYTAIISPEGKHLCEPIAEGEGLAIADLDFSLIAKRKRMMD,C[C@@H](C#N)c1ccccc1
3wuy,Valeronitrile,2041071,0.0,IMLNYTKNIRAAAAQISPVLFSQQGTMEKVLDAIANAAKKGVELIVFPETFVPYYPYFSFVEPPVLMGKSHLKLYQEAVTVPGKVTQAIAQAAKTHGMVVVLGVNEREEGSLYNTQLIFDADGALVLKRRKITPTYHERMVWGQGDGAGLRTVDTTVGRLGALACWEHYNPLARYALMAQHEQIHCGQFPGSMVGQIFADQMEVTMRHHALESGCFVINATGWLTAEQKLQITTDEKMHQALSGGCYTAIISPEGKHLCEPIAEGEGLAIADLDFSLIAKRKRMMD,CCCCC#N
3wuy,Isophthalonitrile,388279,0.135,IMLNYTKNIRAAAAQISPVLFSQQGTMEKVLDAIANAAKKGVELIVFPETFVPYYPYFSFVEPPVLMGKSHLKLYQEAVTVPGKVTQAIAQAAKTHGMVVVLGVNEREEGSLYNTQLIFDADGALVLKRRKITPTYHERMVWGQGDGAGLRTVDTTVGRLGALACWEHYNPLARYALMAQHEQIHCGQFPGSMVGQIFADQMEVTMRHHALESGCFVINATGWLTAEQKLQITTDEKMHQALSGGCYTAIISPEGKHLCEPIAEGEGLAIADLDFSLIAKRKRMMD,N#Cc1cccc(C#N)c1
3wuy,4-Hydroxybenzonitrile,388759,0.072,IMLNYTKNIRAAAAQISPVLFSQQGTMEKVLDAIANAAKKGVELIVFPETFVPYYPYFSFVEPPVLMGKSHLKLYQEAVTVPGKVTQAIAQAAKTHGMVVVLGVNEREEGSLYNTQLIFDADGALVLKRRKITPTYHERMVWGQGDGAGLRTVDTTVGRLGALACWEHYNPLARYALMAQHEQIHCGQFPGSMVGQIFADQMEVTMRHHALESGCFVINATGWLTAEQKLQITTDEKMHQALSGGCYTAIISPEGKHLCEPIAEGEGLAIADLDFSLIAKRKRMMD,N#Cc1ccc(O)cc1
3wuy,Propionitrile,6072456,0.0,IMLNYTKNIRAAAAQISPVLFSQQGTMEKVLDAIANAAKKGVELIVFPETFVPYYPYFSFVEPPVLMGKSHLKLYQEAVTVPGKVTQAIAQAAKTHGMVVVLGVNEREEGSLYNTQLIFDADGALVLKRRKITPTYHERMVWGQGDGAGLRTVDTTVGRLGALACWEHYNPLARYALMAQHEQIHCGQFPGSMVGQIFADQMEVTMRHHALESGCFVINATGWLTAEQKLQITTDEKMHQALSGGCYTAIISPEGKHLCEPIAEGEGLAIADLDFSLIAKRKRMMD,CCC#N
3wuy,Benzoylacetonitrile,74119,0.731,IMLNYTKNIRAAAAQISPVLFSQQGTMEKVLDAIANAAKKGVELIVFPETFVPYYPYFSFVEPPVLMGKSHLKLYQEAVTVPGKVTQAIAQAAKTHGMVVVLGVNEREEGSLYNTQLIFDADGALVLKRRKITPTYHERMVWGQGDGAGLRTVDTTVGRLGALACWEHYNPLARYALMAQHEQIHCGQFPGSMVGQIFADQMEVTMRHHALESGCFVINATGWLTAEQKLQITTDEKMHQALSGGCYTAIISPEGKHLCEPIAEGEGLAIADLDFSLIAKRKRMMD,N#CCC(=O)c1ccccc1
3wuy,Mandelonitrile,8100870,0.0,IMLNYTKNIRAAAAQISPVLFSQQGTMEKVLDAIANAAKKGVELIVFPETFVPYYPYFSFVEPPVLMGKSHLKLYQEAVTVPGKVTQAIAQAAKTHGMVVVLGVNEREEGSLYNTQLIFDADGALVLKRRKITPTYHERMVWGQGDGAGLRTVDTTVGRLGALACWEHYNPLARYALMAQHEQIHCGQFPGSMVGQIFADQMEVTMRHHALESGCFVINATGWLTAEQKLQITTDEKMHQALSGGCYTAIISPEGKHLCEPIAEGEGLAIADLDFSLIAKRKRMMD,N#C[C@H](O)c1ccccc1
3wuy,Benzonitrile,899417,0.0,IMLNYTKNIRAAAAQISPVLFSQQGTMEKVLDAIANAAKKGVELIVFPETFVPYYPYFSFVEPPVLMGKSHLKLYQEAVTVPGKVTQAIAQAAKTHGMVVVLGVNEREEGSLYNTQLIFDADGALVLKRRKITPTYHERMVWGQGDGAGLRTVDTTVGRLGALACWEHYNPLARYALMAQHEQIHCGQFPGSMVGQIFADQMEVTMRHHALESGCFVINATGWLTAEQKLQITTDEKMHQALSGGCYTAIISPEGKHLCEPIAEGEGLAIADLDFSLIAKRKRMMD,N#Cc1ccccc1
3wuy,Acrylonitrile,901212,0.333,IMLNYTKNIRAAAAQISPVLFSQQGTMEKVLDAIANAAKKGVELIVFPETFVPYYPYFSFVEPPVLMGKSHLKLYQEAVTVPGKVTQAIAQAAKTHGMVVVLGVNEREEGSLYNTQLIFDADGALVLKRRKITPTYHERMVWGQGDGAGLRTVDTTVGRLGALACWEHYNPLARYALMAQHEQIHCGQFPGSMVGQIFADQMEVTMRHHALESGCFVINATGWLTAEQKLQITTDEKMHQALSGGCYTAIISPEGKHLCEPIAEGEGLAIADLDFSLIAKRKRMMD,C=CC#N
pmi26,4-Aminobenzonitrile,152697,0.987,MAIIRAAAVQISPVLYSREGTVEKVCQQIIALGRQGVQFAVFPETVVPYYPYFSFVQPPFAMGAQHLKLLDQSVTVPSAATLAIGEACKQVGIVVSIGVNERDGGTIYNAQLLFDADGSLIQHRRKITPTYHERMVWGQGDGSGLRAIDSAVGRIGSLACWEHYNPLARYALMADGEQIHAAMFPGSLVGDIFAEQIEVTIRHHALESGCFVVNATAWLDADQQGQIMQDTGCGLGPISGGCFTAIVSPEGKLLGEPLRSGEGVVIADLDLALIDKRKRMMDS,N#Cc1ccc(N)cc1
pmi26,4-Nitrophenylacetonitrile,154682,0.0,MAIIRAAAVQISPVLYSREGTVEKVCQQIIALGRQGVQFAVFPETVVPYYPYFSFVQPPFAMGAQHLKLLDQSVTVPSAATLAIGEACKQVGIVVSIGVNERDGGTIYNAQLLFDADGSLIQHRRKITPTYHERMVWGQGDGSGLRAIDSAVGRIGSLACWEHYNPLARYALMADGEQIHAAMFPGSLVGDIFAEQIEVTIRHHALESGCFVVNATAWLDADQQGQIMQDTGCGLGPISGGCFTAIVSPEGKLLGEPLRSGEGVVIADLDLALIDKRKRMMDS,N#CCc1ccc([N+](=O)[O-])cc1
pmi26,4-(Dimethylamino)benzonitrile,155390,5.917,MAIIRAAAVQISPVLYSREGTVEKVCQQIIALGRQGVQFAVFPETVVPYYPYFSFVQPPFAMGAQHLKLLDQSVTVPSAATLAIGEACKQVGIVVSIGVNERDGGTIYNAQLLFDADGSLIQHRRKITPTYHERMVWGQGDGSGLRAIDSAVGRIGSLACWEHYNPLARYALMADGEQIHAAMFPGSLVGDIFAEQIEVTIRHHALESGCFVVNATAWLDADQQGQIMQDTGCGLGPISGGCFTAIVSPEGKLLGEPLRSGEGVVIADLDLALIDKRKRMMDS,CN(C)c1ccc(C#N)cc1
pmi26,4-Chlorobenzonitrile,157255,2.587,MAIIRAAAVQISPVLYSREGTVEKVCQQIIALGRQGVQFAVFPETVVPYYPYFSFVQPPFAMGAQHLKLLDQSVTVPSAATLAIGEACKQVGIVVSIGVNERDGGTIYNAQLLFDADGSLIQHRRKITPTYHERMVWGQGDGSGLRAIDSAVGRIGSLACWEHYNPLARYALMADGEQIHAAMFPGSLVGDIFAEQIEVTIRHHALESGCFVVNATAWLDADQQGQIMQDTGCGLGPISGGCFTAIVSPEGKLLGEPLRSGEGVVIADLDLALIDKRKRMMDS,N#Cc1ccc(Cl)cc1
pmi26,"2,6-Dichlorobenzonitrile",157318,0.0,MAIIRAAAVQISPVLYSREGTVEKVCQQIIALGRQGVQFAVFPETVVPYYPYFSFVQPPFAMGAQHLKLLDQSVTVPSAATLAIGEACKQVGIVVSIGVNERDGGTIYNAQLLFDADGSLIQHRRKITPTYHERMVWGQGDGSGLRAIDSAVGRIGSLACWEHYNPLARYALMADGEQIHAAMFPGSLVGDIFAEQIEVTIRHHALESGCFVVNATAWLDADQQGQIMQDTGCGLGPISGGCFTAIVSPEGKLLGEPLRSGEGVVIADLDLALIDKRKRMMDS,N#Cc1c(Cl)cccc1Cl
pmi26,2-Aminobenzonitrile,157544,0.027,MAIIRAAAVQISPVLYSREGTVEKVCQQIIALGRQGVQFAVFPETVVPYYPYFSFVQPPFAMGAQHLKLLDQSVTVPSAATLAIGEACKQVGIVVSIGVNERDGGTIYNAQLLFDADGSLIQHRRKITPTYHERMVWGQGDGSGLRAIDSAVGRIGSLACWEHYNPLARYALMADGEQIHAAMFPGSLVGDIFAEQIEVTIRHHALESGCFVVNATAWLDADQQGQIMQDTGCGLGPISGGCFTAIVSPEGKLLGEPLRSGEGVVIADLDLALIDKRKRMMDS,N#Cc1ccccc1N
pmi26,4-Methoxybenzonitrile,159092,4.531,MAIIRAAAVQISPVLYSREGTVEKVCQQIIALGRQGVQFAVFPETVVPYYPYFSFVQPPFAMGAQHLKLLDQSVTVPSAATLAIGEACKQVGIVVSIGVNERDGGTIYNAQLLFDADGSLIQHRRKITPTYHERMVWGQGDGSGLRAIDSAVGRIGSLACWEHYNPLARYALMADGEQIHAAMFPGSLVGDIFAEQIEVTIRHHALESGCFVVNATAWLDADQQGQIMQDTGCGLGPISGGCFTAIVSPEGKLLGEPLRSGEGVVIADLDLALIDKRKRMMDS,COc1ccc(C#N)cc1
pmi26,Cinnamonitrile,1675000,8.147,MAIIRAAAVQISPVLYSREGTVEKVCQQIIALGRQGVQFAVFPETVVPYYPYFSFVQPPFAMGAQHLKLLDQSVTVPSAATLAIGEACKQVGIVVSIGVNERDGGTIYNAQLLFDADGSLIQHRRKITPTYHERMVWGQGDGSGLRAIDSAVGRIGSLACWEHYNPLARYALMADGEQIHAAMFPGSLVGDIFAEQIEVTIRHHALESGCFVVNATAWLDADQQGQIMQDTGCGLGPISGGCFTAIVSPEGKLLGEPLRSGEGVVIADLDLALIDKRKRMMDS,N#C/C=C/c1ccccc1
pmi26,3-Phenylpropionitrile,1747831,5.225,MAIIRAAAVQISPVLYSREGTVEKVCQQIIALGRQGVQFAVFPETVVPYYPYFSFVQPPFAMGAQHLKLLDQSVTVPSAATLAIGEACKQVGIVVSIGVNERDGGTIYNAQLLFDADGSLIQHRRKITPTYHERMVWGQGDGSGLRAIDSAVGRIGSLACWEHYNPLARYALMADGEQIHAAMFPGSLVGDIFAEQIEVTIRHHALESGCFVVNATAWLDADQQGQIMQDTGCGLGPISGGCFTAIVSPEGKLLGEPLRSGEGVVIADLDLALIDKRKRMMDS,N#CCCc1ccccc1
pmi26,Cyclohexancarbonitrile,1758832,0.022,MAIIRAAAVQISPVLYSREGTVEKVCQQIIALGRQGVQFAVFPETVVPYYPYFSFVQPPFAMGAQHLKLLDQSVTVPSAATLAIGEACKQVGIVVSIGVNERDGGTIYNAQLLFDADGSLIQHRRKITPTYHERMVWGQGDGSGLRAIDSAVGRIGSLACWEHYNPLARYALMADGEQIHAAMFPGSLVGDIFAEQIEVTIRHHALESGCFVVNATAWLDADQQGQIMQDTGCGLGPISGGCFTAIVSPEGKLLGEPLRSGEGVVIADLDLALIDKRKRMMDS,N#CC1CCCCC1
pmi26,2-Methylglutaronitrile,2037734,8.98,MAIIRAAAVQISPVLYSREGTVEKVCQQIIALGRQGVQFAVFPETVVPYYPYFSFVQPPFAMGAQHLKLLDQSVTVPSAATLAIGEACKQVGIVVSIGVNERDGGTIYNAQLLFDADGSLIQHRRKITPTYHERMVWGQGDGSGLRAIDSAVGRIGSLACWEHYNPLARYALMADGEQIHAAMFPGSLVGDIFAEQIEVTIRHHALESGCFVVNATAWLDADQQGQIMQDTGCGLGPISGGCFTAIVSPEGKLLGEPLRSGEGVVIADLDLALIDKRKRMMDS,C[C@@H](C#N)CCC#N
pmi26,⍺-Methylbenzyl cyanide,2039218,0.0,MAIIRAAAVQISPVLYSREGTVEKVCQQIIALGRQGVQFAVFPETVVPYYPYFSFVQPPFAMGAQHLKLLDQSVTVPSAATLAIGEACKQVGIVVSIGVNERDGGTIYNAQLLFDADGSLIQHRRKITPTYHERMVWGQGDGSGLRAIDSAVGRIGSLACWEHYNPLARYALMADGEQIHAAMFPGSLVGDIFAEQIEVTIRHHALESGCFVVNATAWLDADQQGQIMQDTGCGLGPISGGCFTAIVSPEGKLLGEPLRSGEGVVIADLDLALIDKRKRMMDS,C[C@@H](C#N)c1ccccc1
pmi26,Valeronitrile,2041071,0.091,MAIIRAAAVQISPVLYSREGTVEKVCQQIIALGRQGVQFAVFPETVVPYYPYFSFVQPPFAMGAQHLKLLDQSVTVPSAATLAIGEACKQVGIVVSIGVNERDGGTIYNAQLLFDADGSLIQHRRKITPTYHERMVWGQGDGSGLRAIDSAVGRIGSLACWEHYNPLARYALMADGEQIHAAMFPGSLVGDIFAEQIEVTIRHHALESGCFVVNATAWLDADQQGQIMQDTGCGLGPISGGCFTAIVSPEGKLLGEPLRSGEGVVIADLDLALIDKRKRMMDS,CCCCC#N
pmi26,Isophthalonitrile,388279,5.419,MAIIRAAAVQISPVLYSREGTVEKVCQQIIALGRQGVQFAVFPETVVPYYPYFSFVQPPFAMGAQHLKLLDQSVTVPSAATLAIGEACKQVGIVVSIGVNERDGGTIYNAQLLFDADGSLIQHRRKITPTYHERMVWGQGDGSGLRAIDSAVGRIGSLACWEHYNPLARYALMADGEQIHAAMFPGSLVGDIFAEQIEVTIRHHALESGCFVVNATAWLDADQQGQIMQDTGCGLGPISGGCFTAIVSPEGKLLGEPLRSGEGVVIADLDLALIDKRKRMMDS,N#Cc1cccc(C#N)c1
pmi26,4-Hydroxybenzonitrile,388759,1.941,MAIIRAAAVQISPVLYSREGTVEKVCQQIIALGRQGVQFAVFPETVVPYYPYFSFVQPPFAMGAQHLKLLDQSVTVPSAATLAIGEACKQVGIVVSIGVNERDGGTIYNAQLLFDADGSLIQHRRKITPTYHERMVWGQGDGSGLRAIDSAVGRIGSLACWEHYNPLARYALMADGEQIHAAMFPGSLVGDIFAEQIEVTIRHHALESGCFVVNATAWLDADQQGQIMQDTGCGLGPISGGCFTAIVSPEGKLLGEPLRSGEGVVIADLDLALIDKRKRMMDS,N#Cc1ccc(O)cc1
pmi26,Propionitrile,6072456,0.069,MAIIRAAAVQISPVLYSREGTVEKVCQQIIALGRQGVQFAVFPETVVPYYPYFSFVQPPFAMGAQHLKLLDQSVTVPSAATLAIGEACKQVGIVVSIGVNERDGGTIYNAQLLFDADGSLIQHRRKITPTYHERMVWGQGDGSGLRAIDSAVGRIGSLACWEHYNPLARYALMADGEQIHAAMFPGSLVGDIFAEQIEVTIRHHALESGCFVVNATAWLDADQQGQIMQDTGCGLGPISGGCFTAIVSPEGKLLGEPLRSGEGVVIADLDLALIDKRKRMMDS,CCC#N
pmi26,Benzoylacetonitrile,74119,2.823,MAIIRAAAVQISPVLYSREGTVEKVCQQIIALGRQGVQFAVFPETVVPYYPYFSFVQPPFAMGAQHLKLLDQSVTVPSAATLAIGEACKQVGIVVSIGVNERDGGTIYNAQLLFDADGSLIQHRRKITPTYHERMVWGQGDGSGLRAIDSAVGRIGSLACWEHYNPLARYALMADGEQIHAAMFPGSLVGDIFAEQIEVTIRHHALESGCFVVNATAWLDADQQGQIMQDTGCGLGPISGGCFTAIVSPEGKLLGEPLRSGEGVVIADLDLALIDKRKRMMDS,N#CCC(=O)c1ccccc1
pmi26,Mandelonitrile,8100870,0.0,MAIIRAAAVQISPVLYSREGTVEKVCQQIIALGRQGVQFAVFPETVVPYYPYFSFVQPPFAMGAQHLKLLDQSVTVPSAATLAIGEACKQVGIVVSIGVNERDGGTIYNAQLLFDADGSLIQHRRKITPTYHERMVWGQGDGSGLRAIDSAVGRIGSLACWEHYNPLARYALMADGEQIHAAMFPGSLVGDIFAEQIEVTIRHHALESGCFVVNATAWLDADQQGQIMQDTGCGLGPISGGCFTAIVSPEGKLLGEPLRSGEGVVIADLDLALIDKRKRMMDS,N#C[C@H](O)c1ccccc1
pmi26,Benzonitrile,899417,0.0,MAIIRAAAVQISPVLYSREGTVEKVCQQIIALGRQGVQFAVFPETVVPYYPYFSFVQPPFAMGAQHLKLLDQSVTVPSAATLAIGEACKQVGIVVSIGVNERDGGTIYNAQLLFDADGSLIQHRRKITPTYHERMVWGQGDGSGLRAIDSAVGRIGSLACWEHYNPLARYALMADGEQIHAAMFPGSLVGDIFAEQIEVTIRHHALESGCFVVNATAWLDADQQGQIMQDTGCGLGPISGGCFTAIVSPEGKLLGEPLRSGEGVVIADLDLALIDKRKRMMDS,N#Cc1ccccc1
pmi26,Acrylonitrile,901212,0.0,MAIIRAAAVQISPVLYSREGTVEKVCQQIIALGRQGVQFAVFPETVVPYYPYFSFVQPPFAMGAQHLKLLDQSVTVPSAATLAIGEACKQVGIVVSIGVNERDGGTIYNAQLLFDADGSLIQHRRKITPTYHERMVWGQGDGSGLRAIDSAVGRIGSLACWEHYNPLARYALMADGEQIHAAMFPGSLVGDIFAEQIEVTIRHHALESGCFVVNATAWLDADQQGQIMQDTGCGLGPISGGCFTAIVSPEGKLLGEPLRSGEGVVIADLDLALIDKRKRMMDS,C=CC#N
pmi28,4-Aminobenzonitrile,152697,5.54,MKIVKAAAVQISPVLYNREATVEKVVQKILELGQQGVQFATFPETVVPYYPYFSAVQTPMQLLAGTEYLKLLEQAVTVPSPATDAIGEAARKAGMVVSIGVNERDGGTLYNTQLLFDADGTLIQRRRKITPTHFERMIWGQGDGSGLCAVDSKIGRIGQLACFEHNNPLARYALIADGEQIHSAMYPGSAFGEGFAQRMEINIRQHALESGCFVVNATAWLDADQQAQIMKDTGCEIGPISGGCFTAIVAPDGMLLGEPLRSGEGEVIADLDFTLIDRRKMLMDS,N#Cc1ccc(N)cc1
pmi28,4-Nitrophenylacetonitrile,154682,0.0,MKIVKAAAVQISPVLYNREATVEKVVQKILELGQQGVQFATFPETVVPYYPYFSAVQTPMQLLAGTEYLKLLEQAVTVPSPATDAIGEAARKAGMVVSIGVNERDGGTLYNTQLLFDADGTLIQRRRKITPTHFERMIWGQGDGSGLCAVDSKIGRIGQLACFEHNNPLARYALIADGEQIHSAMYPGSAFGEGFAQRMEINIRQHALESGCFVVNATAWLDADQQAQIMKDTGCEIGPISGGCFTAIVAPDGMLLGEPLRSGEGEVIADLDFTLIDRRKMLMDS,N#CCc1ccc([N+](=O)[O-])cc1
pmi28,4-(Dimethylamino)benzonitrile,155390,7.643,MKIVKAAAVQISPVLYNREATVEKVVQKILELGQQGVQFATFPETVVPYYPYFSAVQTPMQLLAGTEYLKLLEQAVTVPSPATDAIGEAARKAGMVVSIGVNERDGGTLYNTQLLFDADGTLIQRRRKITPTHFERMIWGQGDGSGLCAVDSKIGRIGQLACFEHNNPLARYALIADGEQIHSAMYPGSAFGEGFAQRMEINIRQHALESGCFVVNATAWLDADQQAQIMKDTGCEIGPISGGCFTAIVAPDGMLLGEPLRSGEGEVIADLDFTLIDRRKMLMDS,CN(C)c1ccc(C#N)cc1
pmi28,4-Chlorobenzonitrile,157255,6.351,MKIVKAAAVQISPVLYNREATVEKVVQKILELGQQGVQFATFPETVVPYYPYFSAVQTPMQLLAGTEYLKLLEQAVTVPSPATDAIGEAARKAGMVVSIGVNERDGGTLYNTQLLFDADGTLIQRRRKITPTHFERMIWGQGDGSGLCAVDSKIGRIGQLACFEHNNPLARYALIADGEQIHSAMYPGSAFGEGFAQRMEINIRQHALESGCFVVNATAWLDADQQAQIMKDTGCEIGPISGGCFTAIVAPDGMLLGEPLRSGEGEVIADLDFTLIDRRKMLMDS,N#Cc1ccc(Cl)cc1
pmi28,"2,6-Dichlorobenzonitrile",157318,0.0,MKIVKAAAVQISPVLYNREATVEKVVQKILELGQQGVQFATFPETVVPYYPYFSAVQTPMQLLAGTEYLKLLEQAVTVPSPATDAIGEAARKAGMVVSIGVNERDGGTLYNTQLLFDADGTLIQRRRKITPTHFERMIWGQGDGSGLCAVDSKIGRIGQLACFEHNNPLARYALIADGEQIHSAMYPGSAFGEGFAQRMEINIRQHALESGCFVVNATAWLDADQQAQIMKDTGCEIGPISGGCFTAIVAPDGMLLGEPLRSGEGEVIADLDFTLIDRRKMLMDS,N#Cc1c(Cl)cccc1Cl
pmi28,2-Aminobenzonitrile,157544,0.0,MKIVKAAAVQISPVLYNREATVEKVVQKILELGQQGVQFATFPETVVPYYPYFSAVQTPMQLLAGTEYLKLLEQAVTVPSPATDAIGEAARKAGMVVSIGVNERDGGTLYNTQLLFDADGTLIQRRRKITPTHFERMIWGQGDGSGLCAVDSKIGRIGQLACFEHNNPLARYALIADGEQIHSAMYPGSAFGEGFAQRMEINIRQHALESGCFVVNATAWLDADQQAQIMKDTGCEIGPISGGCFTAIVAPDGMLLGEPLRSGEGEVIADLDFTLIDRRKMLMDS,N#Cc1ccccc1N
pmi28,4-Methoxybenzonitrile,159092,7.964,MKIVKAAAVQISPVLYNREATVEKVVQKILELGQQGVQFATFPETVVPYYPYFSAVQTPMQLLAGTEYLKLLEQAVTVPSPATDAIGEAARKAGMVVSIGVNERDGGTLYNTQLLFDADGTLIQRRRKITPTHFERMIWGQGDGSGLCAVDSKIGRIGQLACFEHNNPLARYALIADGEQIHSAMYPGSAFGEGFAQRMEINIRQHALESGCFVVNATAWLDADQQAQIMKDTGCEIGPISGGCFTAIVAPDGMLLGEPLRSGEGEVIADLDFTLIDRRKMLMDS,COc1ccc(C#N)cc1
pmi28,Cinnamonitrile,1675000,8.691,MKIVKAAAVQISPVLYNREATVEKVVQKILELGQQGVQFATFPETVVPYYPYFSAVQTPMQLLAGTEYLKLLEQAVTVPSPATDAIGEAARKAGMVVSIGVNERDGGTLYNTQLLFDADGTLIQRRRKITPTHFERMIWGQGDGSGLCAVDSKIGRIGQLACFEHNNPLARYALIADGEQIHSAMYPGSAFGEGFAQRMEINIRQHALESGCFVVNATAWLDADQQAQIMKDTGCEIGPISGGCFTAIVAPDGMLLGEPLRSGEGEVIADLDFTLIDRRKMLMDS,N#C/C=C/c1ccccc1
pmi28,3-Phenylpropionitrile,1747831,8.551,MKIVKAAAVQISPVLYNREATVEKVVQKILELGQQGVQFATFPETVVPYYPYFSAVQTPMQLLAGTEYLKLLEQAVTVPSPATDAIGEAARKAGMVVSIGVNERDGGTLYNTQLLFDADGTLIQRRRKITPTHFERMIWGQGDGSGLCAVDSKIGRIGQLACFEHNNPLARYALIADGEQIHSAMYPGSAFGEGFAQRMEINIRQHALESGCFVVNATAWLDADQQAQIMKDTGCEIGPISGGCFTAIVAPDGMLLGEPLRSGEGEVIADLDFTLIDRRKMLMDS,N#CCCc1ccccc1
pmi28,Cyclohexancarbonitrile,1758832,0.457,MKIVKAAAVQISPVLYNREATVEKVVQKILELGQQGVQFATFPETVVPYYPYFSAVQTPMQLLAGTEYLKLLEQAVTVPSPATDAIGEAARKAGMVVSIGVNERDGGTLYNTQLLFDADGTLIQRRRKITPTHFERMIWGQGDGSGLCAVDSKIGRIGQLACFEHNNPLARYALIADGEQIHSAMYPGSAFGEGFAQRMEINIRQHALESGCFVVNATAWLDADQQAQIMKDTGCEIGPISGGCFTAIVAPDGMLLGEPLRSGEGEVIADLDFTLIDRRKMLMDS,N#CC1CCCCC1
pmi28,2-Methylglutaronitrile,2037734,15.167,MKIVKAAAVQISPVLYNREATVEKVVQKILELGQQGVQFATFPETVVPYYPYFSAVQTPMQLLAGTEYLKLLEQAVTVPSPATDAIGEAARKAGMVVSIGVNERDGGTLYNTQLLFDADGTLIQRRRKITPTHFERMIWGQGDGSGLCAVDSKIGRIGQLACFEHNNPLARYALIADGEQIHSAMYPGSAFGEGFAQRMEINIRQHALESGCFVVNATAWLDADQQAQIMKDTGCEIGPISGGCFTAIVAPDGMLLGEPLRSGEGEVIADLDFTLIDRRKMLMDS,C[C@@H](C#N)CCC#N
pmi28,⍺-Methylbenzyl cyanide,2039218,0.0,MKIVKAAAVQISPVLYNREATVEKVVQKILELGQQGVQFATFPETVVPYYPYFSAVQTPMQLLAGTEYLKLLEQAVTVPSPATDAIGEAARKAGMVVSIGVNERDGGTLYNTQLLFDADGTLIQRRRKITPTHFERMIWGQGDGSGLCAVDSKIGRIGQLACFEHNNPLARYALIADGEQIHSAMYPGSAFGEGFAQRMEINIRQHALESGCFVVNATAWLDADQQAQIMKDTGCEIGPISGGCFTAIVAPDGMLLGEPLRSGEGEVIADLDFTLIDRRKMLMDS,C[C@@H](C#N)c1ccccc1
pmi28,Valeronitrile,2041071,1.307,MKIVKAAAVQISPVLYNREATVEKVVQKILELGQQGVQFATFPETVVPYYPYFSAVQTPMQLLAGTEYLKLLEQAVTVPSPATDAIGEAARKAGMVVSIGVNERDGGTLYNTQLLFDADGTLIQRRRKITPTHFERMIWGQGDGSGLCAVDSKIGRIGQLACFEHNNPLARYALIADGEQIHSAMYPGSAFGEGFAQRMEINIRQHALESGCFVVNATAWLDADQQAQIMKDTGCEIGPISGGCFTAIVAPDGMLLGEPLRSGEGEVIADLDFTLIDRRKMLMDS,CCCCC#N
pmi28,Isophthalonitrile,388279,9.424,MKIVKAAAVQISPVLYNREATVEKVVQKILELGQQGVQFATFPETVVPYYPYFSAVQTPMQLLAGTEYLKLLEQAVTVPSPATDAIGEAARKAGMVVSIGVNERDGGTLYNTQLLFDADGTLIQRRRKITPTHFERMIWGQGDGSGLCAVDSKIGRIGQLACFEHNNPLARYALIADGEQIHSAMYPGSAFGEGFAQRMEINIRQHALESGCFVVNATAWLDADQQAQIMKDTGCEIGPISGGCFTAIVAPDGMLLGEPLRSGEGEVIADLDFTLIDRRKMLMDS,N#Cc1cccc(C#N)c1
pmi28,4-Hydroxybenzonitrile,388759,3.921,MKIVKAAAVQISPVLYNREATVEKVVQKILELGQQGVQFATFPETVVPYYPYFSAVQTPMQLLAGTEYLKLLEQAVTVPSPATDAIGEAARKAGMVVSIGVNERDGGTLYNTQLLFDADGTLIQRRRKITPTHFERMIWGQGDGSGLCAVDSKIGRIGQLACFEHNNPLARYALIADGEQIHSAMYPGSAFGEGFAQRMEINIRQHALESGCFVVNATAWLDADQQAQIMKDTGCEIGPISGGCFTAIVAPDGMLLGEPLRSGEGEVIADLDFTLIDRRKMLMDS,N#Cc1ccc(O)cc1
pmi28,Propionitrile,6072456,0.705,MKIVKAAAVQISPVLYNREATVEKVVQKILELGQQGVQFATFPETVVPYYPYFSAVQTPMQLLAGTEYLKLLEQAVTVPSPATDAIGEAARKAGMVVSIGVNERDGGTLYNTQLLFDADGTLIQRRRKITPTHFERMIWGQGDGSGLCAVDSKIGRIGQLACFEHNNPLARYALIADGEQIHSAMYPGSAFGEGFAQRMEINIRQHALESGCFVVNATAWLDADQQAQIMKDTGCEIGPISGGCFTAIVAPDGMLLGEPLRSGEGEVIADLDFTLIDRRKMLMDS,CCC#N
pmi28,Benzoylacetonitrile,74119,3.185,MKIVKAAAVQISPVLYNREATVEKVVQKILELGQQGVQFATFPETVVPYYPYFSAVQTPMQLLAGTEYLKLLEQAVTVPSPATDAIGEAARKAGMVVSIGVNERDGGTLYNTQLLFDADGTLIQRRRKITPTHFERMIWGQGDGSGLCAVDSKIGRIGQLACFEHNNPLARYALIADGEQIHSAMYPGSAFGEGFAQRMEINIRQHALESGCFVVNATAWLDADQQAQIMKDTGCEIGPISGGCFTAIVAPDGMLLGEPLRSGEGEVIADLDFTLIDRRKMLMDS,N#CCC(=O)c1ccccc1
pmi28,Mandelonitrile,8100870,0.0,MKIVKAAAVQISPVLYNREATVEKVVQKILELGQQGVQFATFPETVVPYYPYFSAVQTPMQLLAGTEYLKLLEQAVTVPSPATDAIGEAARKAGMVVSIGVNERDGGTLYNTQLLFDADGTLIQRRRKITPTHFERMIWGQGDGSGLCAVDSKIGRIGQLACFEHNNPLARYALIADGEQIHSAMYPGSAFGEGFAQRMEINIRQHALESGCFVVNATAWLDADQQAQIMKDTGCEIGPISGGCFTAIVAPDGMLLGEPLRSGEGEVIADLDFTLIDRRKMLMDS,N#C[C@H](O)c1ccccc1
pmi28,Benzonitrile,899417,3.98,MKIVKAAAVQISPVLYNREATVEKVVQKILELGQQGVQFATFPETVVPYYPYFSAVQTPMQLLAGTEYLKLLEQAVTVPSPATDAIGEAARKAGMVVSIGVNERDGGTLYNTQLLFDADGTLIQRRRKITPTHFERMIWGQGDGSGLCAVDSKIGRIGQLACFEHNNPLARYALIADGEQIHSAMYPGSAFGEGFAQRMEINIRQHALESGCFVVNATAWLDADQQAQIMKDTGCEIGPISGGCFTAIVAPDGMLLGEPLRSGEGEVIADLDFTLIDRRKMLMDS,N#Cc1ccccc1
pmi28,Acrylonitrile,901212,0.856,MKIVKAAAVQISPVLYNREATVEKVVQKILELGQQGVQFATFPETVVPYYPYFSAVQTPMQLLAGTEYLKLLEQAVTVPSPATDAIGEAARKAGMVVSIGVNERDGGTLYNTQLLFDADGTLIQRRRKITPTHFERMIWGQGDGSGLCAVDSKIGRIGQLACFEHNNPLARYALIADGEQIHSAMYPGSAFGEGFAQRMEINIRQHALESGCFVVNATAWLDADQQAQIMKDTGCEIGPISGGCFTAIVAPDGMLLGEPLRSGEGEVIADLDFTLIDRRKMLMDS,C=CC#N
